user_id,name,email,signup_date
1,David Oneill,jenniferedwards@gmail.com,2024-04-25 19:40:43
2,Shelly Martinez,suzanne38@gmail.com,2023-10-26 17:40:51
3,Luis Brown,kgarcia@hotmail.com,2023-09-04 23:57:36
4,Megan Romero,tinakrause@gmail.com,2023-09-01 23:17:16
5,Eric Beltran,rcarter@hotmail.com,2023-10-23 13:16:48
6,William Miller,brian13@gmail.com,2024-03-11 05:14:27
7,Randall Davis,stevengreen@hotmail.com,2023-09-28 14:04:42
8,Michelle Casey,thomaskimberly@hotmail.com,2024-05-06 20:53:11
9,William Buckley,thomasdavid@yahoo.com,2022-09-05 17:24:02
10,Lawrence Brown,justinbuchanan@example.com,2023-01-09 05:24:34
11,Kyle Ross,alyssawarren@yahoo.com,2024-05-19 07:08:39
12,Jose Fisher,medinaelizabeth@example.com,2023-02-06 02:32:45
13,Brenda Zhang,james37@hotmail.com,2023-07-31 11:12:34
14,Amanda Ortiz,nicholsdonna@example.com,2023-07-29 00:32:59
15,Craig Stout,matthewmcbride@yahoo.com,2022-11-16 05:21:20
16,Carmen Gordon,zjohnson@yahoo.com,2024-04-05 05:42:10
17,Leslie Yates,ahaynes@hotmail.com,2024-03-07 09:00:33
18,Megan Sanders,whouston@yahoo.com,2022-09-09 05:05:28
19,Mary Adkins,donna30@yahoo.com,2022-09-12 01:11:08
20,Danielle Erickson,nicholasjones@yahoo.com,2024-04-20 08:33:43
21,Alexander Terry,justinphillips@yahoo.com,2023-02-10 21:47:10
22,Rickey Velasquez,goodwinmorgan@hotmail.com,2024-06-08 01:00:55
23,Aaron Mitchell,gutierrezjoshua,2023-01-03 09:14:45
24,Linda Romero,gstanley@gmail.com,2024-04-12 17:42:09
25,Bethany Hurst,clarkederek@yahoo.com,2023-01-19 07:09:46
26,Courtney Green,imarquez@gmail.com,2024-08-01 08:16:53
27,Nicole Rodriguez,uyork@gmail.com,2023-08-23 16:07:44
28,Kevin Reed,donaldcurry@example.com,2023-10-31 01:54:43
29,Austin King,rsmith@hotmail.com,2023-04-04 09:02:13
30,Brittney Jackson,fsingh@hotmail.com,2024-01-31 20:45:23
31,Nathan Bell,nguyenjeanette@hotmail.com,2022-11-10 07:25:59
32,Jill Ortega,brendanelson@example.com,2023-12-26 11:18:29
33,Dana Wright,charlottemaynard@example.com,2023-04-21 22:01:26
34,Andrew Thomas,debra96@gmail.com,2024-06-16 10:08:39
35,Sydney Moore,sarah23@hotmail.com,2023-11-16 18:13:12
36,Amber Livingston,ronaldmeyer@example.com,2022-11-10 00:25:21
37,Joann Woodward,treeves@example.com,2023-09-22 06:38:14
38,Juan Smith,bellbrandon@gmail.com,2024-06-30 04:08:26
39,Charles Hernandez,stoutdavid@yahoo.com,2024-03-24 16:54:12
40,Allison Watson,conniefischer@yahoo.com,2023-06-18 06:35:26
41,Michael Flores,joseph24@gmail.com,2023-08-05 12:52:54
42,Andrew Henson,tammy98@example.com,2024-07-03 20:53:18
43,Katherine Carlson,ncollins@yahoo.com,2023-12-22 03:39:24
44,Jessica Simon,pattersonfelicia,2023-07-01 06:02:53
45,Peter Barnes,ztorres@hotmail.com,2024-03-08 11:56:53
46,Joel Montoya,denisetaylor@gmail.com,2024-08-07 01:06:43
47,Derek Griffin,brookebrennan@example.com,2022-11-05 08:14:25
48,Teresa Chavez,elizabethdavis@example.com,2024-07-24 12:43:22
49,Darlene Gay,apayne@yahoo.com,2023-07-22 21:21:05
50,Charles Bonilla,wendycalderon@example.com,2023-08-03 21:13:25
51,Allison Cooper,ecole@example.com,2024-07-16 11:22:58
52,Patricia Brown,lindajones@gmail.com,2023-03-01 06:22:36
53,Brian Patel,emilycollins@example.com,2024-07-25 02:38:47
54,Taylor Davis,trujillojoshua,2023-07-09 12:05:20
55,Tyler Elliott,walkerjames@hotmail.com,2023-08-15 22:30:06
56,Michele Brown,james88@gmail.com,2024-05-08 23:23:22
57,Brendan Schmidt,jasongallagher@yahoo.com,2024-04-13 09:47:04
58,Emily Williams,anthony33@gmail.com,2022-12-25 19:11:25
59,Dr. Karen Simmons MD,lisa01@example.com,2023-09-14 16:35:24
60,Wyatt Anderson,uharper@example.com,2023-10-22 22:36:27
61,Brandon Williams,crawfordjoshua@gmail.com,2024-03-24 10:40:05
62,Jennifer Hall,dturner@hotmail.com,2023-08-21 02:14:47
63,Brandy Garcia,obennett@example.com,2023-02-20 07:26:16
64,Barbara Wilson,chris20@gmail.com,2022-09-09 17:26:00
65,Michelle Davis,thomasjimenez@example.com,2024-08-12 08:04:53
66,Karen Berry,ijones@gmail.com,2023-12-02 00:29:02
67,Colin Porter,joseph73@hotmail.com,2023-12-23 02:54:49
68,Vicki Schroeder,yoderamanda@hotmail.com,2023-03-31 19:23:17
69,Jaime Burke,cody62@example.com,2023-03-05 11:05:25
70,Jose Decker,richard98@hotmail.com,2022-09-19 18:41:24
71,Angela Blankenship,paula95@yahoo.com,2022-12-12 14:06:49
72,Jordan Hawkins,williamsjudy@hotmail.com,2023-04-22 07:52:14
73,Brandon Torres,lewisbryan@hotmail.com,2023-11-17 02:49:58
74,Cassie Wade,parker39,2023-06-21 03:21:10
75,Charles Guzman,petermahoney@hotmail.com,2023-01-20 02:53:25
76,Emily Chen,christinewells@example.com,2023-12-21 03:45:06
77,Laura Thornton,randydickson@yahoo.com,2023-03-03 13:03:31
78,Elaine Cowan,snyderronald@gmail.com,2023-03-14 11:57:38
79,William Miller,jonesgabriel@yahoo.com,2023-09-27 22:17:03
80,Darlene Wagner,brianna55@hotmail.com,2023-05-17 13:28:45
81,Kevin Cameron,vfranklin@gmail.com,2023-07-19 20:19:29
82,Jillian Griffin DDS,danny78@gmail.com,2023-12-10 00:46:44
83,Craig Ramos,tarnold@hotmail.com,2024-05-06 13:12:40
84,Mary Webb,loganvanessa,2023-05-29 09:11:18
85,Michael Gross,jennifer21@hotmail.com,2024-02-19 09:21:24
86,Rebecca Chung,longdebra@hotmail.com,2023-12-22 10:17:56
87,Meghan Daniels,stantonmorgan@gmail.com,2022-08-25 13:40:10
88,Antonio Gutierrez,dominguezsarah,2023-02-26 04:00:27
89,Barbara Jones,mary90@yahoo.com,2022-08-27 20:26:10
90,Misty Stewart,baileyvaughn@hotmail.com,2023-09-22 18:30:25
91,Vanessa Johnson,molinacrystal@gmail.com,2024-03-12 14:35:51
92,Scott Nguyen,bradshawmary,2023-09-26 07:12:24
93,Cynthia Ali,amandafoster@hotmail.com,2022-12-05 15:23:01
94,Samantha Vargas,davidwebb@yahoo.com,2023-04-09 21:11:46
95,Thomas Brown,emma20@example.com,2024-03-11 01:03:53
96,David Vargas,ediaz@example.com,2024-07-11 04:24:47
97,Tyler Randall,clairecarr@gmail.com,2023-09-22 19:01:57
98,Lawrence Andrade,katherinedixon@example.com,2022-12-08 10:24:31
99,Adam Lopez,brownadam@example.com,2023-03-13 03:27:00
100,Kaitlyn Wood,jeffreydiaz,2023-12-18 07:51:31
101,Jeffery Moyer,abanks@yahoo.com,2023-09-10 08:08:40
102,Amber Duncan,shorttheresa@example.com,2023-12-21 18:20:27
103,Amanda May,davidhernandez@gmail.com,2023-08-05 13:07:58
104,David Foster,millerjordan@hotmail.com,2023-01-24 19:51:38
105,Patrick Hinton,richard73@example.com,2022-10-21 06:53:11
106,Caroline Ramirez,vphillips@yahoo.com,2023-10-29 18:07:24
107,Sierra Smith,ashlee12@example.com,2022-09-21 16:13:08
108,Alexander Hernandez,snyderolivia@example.com,2024-05-26 05:52:22
109,Jessica Ryan,brian46,2023-04-29 03:47:30
110,Brian Scott,michaelcervantes@yahoo.com,2022-11-01 07:28:43
111,Lisa Miller,megan14,2024-01-10 13:37:56
112,Mrs. Shannon Smith MD,ojenkins@yahoo.com,2024-07-28 10:02:33
113,John Brooks,amychen@gmail.com,2023-09-07 16:05:07
114,Madison Morgan,laura77,2022-10-30 00:21:37
115,Daniel Patel,townsendronald@yahoo.com,2024-05-28 18:27:45
116,Austin Price,jennifer18@gmail.com,2022-12-25 07:43:26
117,Christopher Bell,ipatterson@example.com,2023-08-12 16:58:59
118,Randy Le,brandonvillarreal@gmail.com,2023-02-25 10:06:35
119,Hannah Martin,daniel19@yahoo.com,2024-02-21 02:50:45
120,Christopher Ford,karen91@gmail.com,2024-08-07 15:54:18
121,Cynthia Liu,greenejudy@hotmail.com,2023-03-01 22:08:26
122,Robert Perry,frederickmartha@yahoo.com,2024-06-29 01:42:58
123,Bryan Leach,jacobreed@hotmail.com,2024-03-28 19:47:51
124,Anne Barry,whart@yahoo.com,2022-09-15 08:01:05
125,Lindsay Steele,davidshaw@example.com,2023-01-25 15:37:03
126,Elizabeth Lewis,marissa99@hotmail.com,2023-06-19 01:32:10
127,Vanessa Clay,randyherrera@example.com,2022-10-11 02:17:19
128,Michelle Davis,ryanberry@gmail.com,2023-02-14 05:01:55
129,Philip Brown,samuel87@yahoo.com,2023-11-04 11:20:51
130,David Myers,matthew69,2022-12-30 03:03:35
131,Michael Stout,patrickweaver@hotmail.com,2022-09-12 08:14:08
132,Matthew Smith,heidi86@example.com,2024-05-13 01:11:32
133,Katie Huang,elizabeth55@hotmail.com,2024-01-04 22:03:02
134,Dr. Robert Cruz,anthony97@gmail.com,2023-10-17 07:50:14
135,Karen Hernandez,thompsondavid@gmail.com,2024-08-19 20:50:55
136,Amanda Hopkins,elizabethwalker@gmail.com,2023-07-18 20:44:29
137,Edwin Moreno,tiffany19@hotmail.com,2023-07-26 21:55:03
138,Jennifer Frost,kevin22@example.com,2022-12-09 22:18:22
139,Ann Collier,brownmary@yahoo.com,2024-07-02 05:34:33
140,William Mcguire,cameron25@gmail.com,2022-09-26 00:41:54
141,Jason Simmons,wardsamantha@example.com,2024-01-26 19:54:17
142,Mckenzie Anthony,eric44@yahoo.com,2023-08-15 13:52:06
143,Deborah Myers,rnichols,2023-08-29 23:33:56
144,Juan Morgan,troyking@gmail.com,2022-10-30 11:15:02
145,Tyler Smith,alexis10@gmail.com,2022-10-27 16:06:23
146,Charles Hawkins,michaelperez@hotmail.com,2024-01-24 10:42:46
147,Allison Harrison,ericbernard@example.com,2023-10-19 02:29:20
148,Rebecca Cook,carmenbaker@yahoo.com,2023-06-15 11:46:44
149,Thomas Santana,eugene26@example.com,2023-09-07 13:08:28
150,Sara Andrews,linda20,2023-08-02 05:12:03
151,Austin Kelly,joan47@yahoo.com,2024-08-12 13:43:45
152,Laura Owens,matthewsanchez@example.com,2022-12-09 21:34:35
153,Jason Castro,daniel86,2023-01-04 21:47:55
154,Daniel Fletcher,morgancruz,2023-07-29 20:39:33
155,Michael Evans,jessica91@example.com,2024-04-15 07:22:31
156,Douglas Sullivan,smithariana@example.com,2022-12-01 03:16:00
157,Nicholas Aguirre,carsonrenee@example.com,2023-05-05 12:56:59
158,Christopher Newman,heather85@hotmail.com,2023-11-19 06:48:02
159,Mallory Dunn,denniscamacho@gmail.com,2024-07-14 14:59:09
160,Monique Fuller,bramos@yahoo.com,2023-10-06 06:52:18
161,John Daniels,judyroy@hotmail.com,2023-09-12 17:19:01
162,Jason Brown,deannapatel@gmail.com,2023-10-27 13:19:37
163,Mitchell Simon,shannonalexander@yahoo.com,2023-10-16 05:28:23
164,Thomas Scott,oscar03@hotmail.com,2023-12-24 18:25:41
165,Eric Rice,rclark,2023-08-25 03:42:45
166,Kelly Liu,angelaharris@gmail.com,2023-12-13 18:09:04
167,Heidi Mahoney,greenestacy@hotmail.com,2024-01-26 04:30:17
168,Brandon Lopez,christopher10@example.com,2023-05-17 23:00:38
169,Shirley Scott,robertjohnson@example.com,2024-08-18 13:24:42
170,Bradley Vincent,jacksonjohnny@example.com,2023-04-02 19:35:34
171,Angel Mcdaniel,jonesjoanne@hotmail.com,2023-08-12 02:46:11
172,Jean Baker,kimberlyhuber@yahoo.com,2023-06-27 06:16:27
173,Melinda Fernandez DVM,yvettegregory@gmail.com,2023-07-19 09:15:44
174,Nicole Watson,coxbrian@hotmail.com,2023-01-07 05:19:59
175,Donald Johnson,francisco82@example.com,2023-03-25 04:55:05
176,Marcus Williams,spencemary@gmail.com,2022-10-27 12:12:04
177,Veronica Salazar,cgarza@hotmail.com,2024-08-11 08:09:22
178,Teresa Pugh,adam22@hotmail.com,2023-10-18 02:50:08
179,Brian Martinez,vanderson@yahoo.com,2023-06-02 09:38:34
180,Lorraine Walker,sergiocarter@example.com,2024-07-23 05:40:58
181,Emily Martinez,tlowe@yahoo.com,2023-09-18 08:22:01
182,John Smith,iknox@gmail.com,2024-01-24 01:55:42
183,Amanda Shaw,christine47@example.com,2024-02-28 20:57:43
184,Renee Johnson,hwilliams@example.com,2023-12-21 21:09:07
185,Kevin Jefferson,urodriguez@hotmail.com,2023-04-19 12:49:06
186,Robin Willis,mbenitez@example.com,2022-11-13 11:49:24
187,Kevin Lee,paulawarren@gmail.com,2023-09-15 20:46:25
188,Kenneth Neal,alexandra79@example.com,2023-01-30 14:36:18
189,Martin Lee,ryanrodriguez@yahoo.com,2024-03-14 14:12:51
190,Emily Ferguson,cynthiabright@yahoo.com,2022-08-23 03:23:07
191,Emily Ellis,dennisweaver@yahoo.com,2023-06-18 01:54:21
192,Cynthia Larsen,lee72@example.com,2022-09-16 03:04:46
193,Lindsey Barrett,edwardmcmillan@gmail.com,2024-06-23 10:10:21
194,William Frank,jamie07@example.com,2022-12-03 09:17:52
195,Shelly Dunn,johnadams@yahoo.com,2023-06-14 21:57:34
196,Dennis Abbott,ericksonjennifer@example.com,2023-07-17 00:19:30
197,Edward Wolfe,gfox@hotmail.com,2023-05-15 11:41:35
198,Daniel Mckay,jonathan00@gmail.com,2022-11-09 05:31:03
199,Adam Gibson Jr.,tiffany86@gmail.com,2022-10-25 08:17:35
200,Barbara Martin,hmiller@gmail.com,2023-02-08 22:42:27
201,Stacey Mcintosh,ashley39,2023-04-28 06:26:20
202,Kurt Rogers,romanmichelle,2024-03-26 11:42:49
203,Joseph Crawford,danielleshannon@hotmail.com,2022-10-06 00:46:58
204,Zachary Newton,emilycowan@yahoo.com,2023-02-26 13:05:48
205,Kathleen Gray,michelle68@gmail.com,2024-02-15 01:30:58
206,Courtney Francis,stevenbarnes@hotmail.com,2023-07-01 18:14:16
207,Shawn Green,slee@gmail.com,2022-12-04 14:55:28
208,Randy Crane,fernandomartin@gmail.com,2022-11-23 05:50:07
209,Susan Lopez,martinezjohn@example.com,2022-08-25 14:06:10
210,Ashley Reynolds,ehale@hotmail.com,2024-03-09 15:11:00
211,Richard Washington,iwatson@example.com,2024-06-23 03:57:17
212,Aaron Smith,waltonmichael,2022-09-01 03:58:23
213,Mike Wilson,stephaniebishop@hotmail.com,2022-10-08 07:00:46
214,Jennifer Barrera,lberry@hotmail.com,2024-05-18 19:34:30
215,Ashley Doyle,bperez@hotmail.com,2023-08-25 08:58:58
216,Amy Garcia,stacey89@hotmail.com,2023-08-07 08:20:39
217,Lisa Williamson,gescobar@yahoo.com,2023-09-12 04:42:53
218,Casey Morris,icastillo@yahoo.com,2023-10-24 16:20:21
219,Karen Gray,dennis23,2024-03-13 13:30:25
220,Jason Shepard,dillonsullivan@yahoo.com,2023-12-27 19:05:48
221,John Shepherd,warrenjared@gmail.com,2024-08-19 06:19:00
222,Matthew York,cochranelizabeth@example.com,2022-11-08 14:43:14
223,John Davis,barnesyvonne@gmail.com,2023-09-15 05:51:11
224,Mark Riggs,dianacox@yahoo.com,2024-02-01 19:22:30
225,Robin Lewis,ubarr@hotmail.com,2024-01-23 12:34:12
226,Linda Wright,angela21,2023-03-04 13:00:15
227,Jennifer Bradshaw,obrienrachel@yahoo.com,2023-05-18 09:11:46
228,Zachary Thompson,joshuarobinson@hotmail.com,2023-09-04 18:12:58
229,Nicole Perry,joseph10@hotmail.com,2023-01-22 10:53:32
230,Christopher Oliver,harrismarilyn,2022-12-31 21:45:59
231,Gregory Carlson,julie78@hotmail.com,2023-02-20 16:14:50
232,Melissa Potter,paul12@yahoo.com,2023-11-18 07:09:28
233,Rodney Russo,warnerwillie@gmail.com,2022-12-09 11:42:21
234,William Olsen,garciajennifer@hotmail.com,2024-03-03 17:44:36
235,Aaron Alexander,tonymcpherson@gmail.com,2022-10-20 04:08:57
236,David Newton,joseph77@yahoo.com,2023-05-29 11:41:09
237,Kristen Ortega,jacob29@hotmail.com,2023-05-16 11:03:56
238,Brittany Burnett,allenryan@example.com,2023-06-29 09:45:42
239,Michael Soto,usimmons@yahoo.com,2023-04-02 11:28:37
240,Alfred Jones,fmclaughlin@example.com,2024-04-16 13:47:48
241,Benjamin Zamora,martintravis@yahoo.com,2022-10-07 20:09:26
242,Glenn Kirby,eugenemoore@example.com,2023-06-09 23:34:36
243,Alex Reynolds,sharonhickman@example.com,2023-05-29 10:40:54
244,Mary Gonzalez,elizabethgarcia@gmail.com,2023-08-05 21:20:52
245,Ashley Roth,carlos38@gmail.com,2022-12-28 00:25:40
246,Angel Young,torresjustin@gmail.com,2024-02-08 01:17:40
247,Sarah Rodriguez,evansjohn,2022-09-06 00:36:35
248,Amanda Williams,fhill@example.com,2023-12-28 20:20:35
249,Vicki Guerrero,nking@hotmail.com,2023-09-25 17:03:03
250,Crystal Hill,taylorduffy@gmail.com,2023-11-07 19:49:44
251,Juan Lewis,cory68@hotmail.com,2022-09-15 08:06:19
252,Krista Henry,lindarussell@yahoo.com,2023-12-22 17:24:29
253,Keith Herman,jonathanbartlett@example.com,2022-11-23 20:50:10
254,Dr. Charles Larson,jessica29,2023-07-22 15:26:00
255,William Garcia,theodoreclark@example.com,2022-09-11 22:42:36
256,Bruce Abbott,robinsonbeth@hotmail.com,2023-03-03 01:38:52
257,Rita Taylor,cassandra52,2024-02-23 14:43:26
258,Holly Smith,perrybeverly@yahoo.com,2024-02-23 02:02:51
259,Donna Scott,dylan18@hotmail.com,2024-01-08 06:04:45
260,Angela Weber,fnelson@example.com,2024-07-30 16:17:41
261,Robert Smith,travis19@yahoo.com,2022-10-19 14:47:17
262,Laura Hill,ilopez,2022-11-30 01:01:37
263,Bryce Pittman,matthewjohnson@example.com,2022-09-05 07:37:23
264,Sherri Chavez,williamphillips@gmail.com,2023-06-05 12:55:57
265,Natalie Becker,curtis92@example.com,2024-07-04 11:29:21
266,Christopher Salazar,alexadams@yahoo.com,2022-10-03 23:15:04
267,Mason Hayes,brownjoyce,2024-07-14 17:09:13
268,Amy Ballard,cchambers@hotmail.com,2022-11-15 03:52:07
269,James Garcia,kboone@hotmail.com,2023-11-14 14:30:35
270,Lynn Moody,amurray@gmail.com,2023-09-09 00:02:46
271,Dean Carroll,youngjennifer@gmail.com,2024-02-28 21:39:18
272,Brittany Arellano,randyschultz@example.com,2024-04-05 03:26:22
273,Joshua Greene,amy94@gmail.com,2022-11-15 04:52:04
274,Paul Rios,petersonkristina,2022-08-25 03:46:45
275,Lee Brady,brandythomas@example.com,2023-03-19 02:32:13
276,Larry Garza,nford@yahoo.com,2023-01-26 03:06:46
277,Micheal Adams,mary84@gmail.com,2023-06-05 00:39:24
278,James Reyes,brenda80@gmail.com,2023-08-20 18:26:47
279,Peter Werner,nclark@example.com,2023-04-08 18:51:12
280,Martha Martinez,donaldjones@example.com,2024-04-17 07:26:00
281,Emily Hicks,shawn99,2024-07-20 23:14:22
282,Sharon Gonzales,chad58@gmail.com,2024-07-25 05:41:16
283,Shannon Dawson,iparker@example.com,2022-10-04 15:29:32
284,Patricia Doyle,james64@example.com,2024-05-21 15:59:40
285,Michael Roth,wjordan,2024-02-13 14:51:59
286,Christopher Henderson,brittanyhall@hotmail.com,2022-11-25 10:44:39
287,Philip Lopez,michaelrussell@hotmail.com,2023-10-23 06:15:00
288,John Glover,julieyoung@example.com,2023-03-10 19:34:25
289,Ashley Morrow,mward@example.com,2024-04-30 09:22:26
290,Linda Morales,lindawong@gmail.com,2024-03-13 19:29:43
291,Shane Logan,jphillips@yahoo.com,2024-03-05 07:07:45
292,Ann Ross,donna15@gmail.com,2023-01-24 01:04:43
293,Kimberly Hicks,garymiller@example.com,2023-01-29 10:34:25
294,Reginald Scott,ybriggs@hotmail.com,2023-01-28 05:22:42
295,Sheila Ayers,jonathonnorman@gmail.com,2023-04-13 07:38:13
296,Robert Robertson,danielle58@hotmail.com,2022-10-29 12:44:33
297,Jessica Contreras,theresabonilla@hotmail.com,2023-12-12 04:04:20
298,Ann Hernandez,myersheather@gmail.com,2023-09-14 12:30:00
299,Eric Carpenter,stephen09@example.com,2023-01-11 22:02:52
300,Veronica Griffin,khanjessica@example.com,2023-11-16 05:03:04
301,Janice Anderson,gary11@hotmail.com,2023-06-27 04:06:31
302,Dustin Harris,twhite@hotmail.com,2023-08-24 10:26:39
303,Crystal Sanchez,maria91@gmail.com,2023-06-27 21:29:45
304,Lisa Allen,victoriatodd@yahoo.com,2024-07-11 17:11:18
305,Teresa Ballard,clintonaguilar@gmail.com,2023-02-03 18:45:04
306,Lisa Perez,ashley78,2023-05-16 00:48:37
307,Justin Morris,michaelmeyer@example.com,2024-03-14 22:32:01
308,Sarah Wilkinson,zhangchristina@hotmail.com,2024-01-21 16:28:57
309,Paul Edwards,hayeslindsay@hotmail.com,2023-05-03 22:46:41
310,Stephen Taylor,barneswilliam,2022-12-08 17:00:27
311,Suzanne Garcia,wooderin@gmail.com,2023-03-26 16:54:40
312,Monica Martin,cmalone@hotmail.com,2022-09-28 21:50:52
313,Samuel Garcia,jenniferflores@gmail.com,2023-05-07 16:01:23
314,Nicholas Anderson,qschaefer@gmail.com,2023-08-01 16:28:14
315,Joanna Jones,vreed@hotmail.com,2024-01-03 22:39:22
316,Christopher Duran,gparker,2022-12-20 07:05:20
317,Jennifer Shannon,darrellpatel,2024-03-25 15:15:59
318,Tracey Schroeder,corey70@example.com,2024-06-25 05:14:11
319,Wanda Jenkins,bradleykarl@gmail.com,2024-01-27 20:20:44
320,Lisa Johnson,krobertson@example.com,2022-11-07 17:42:36
321,Antonio Phillips,jennifer91@yahoo.com,2023-12-03 00:03:39
322,Anthony Barrett,tonyleonard@hotmail.com,2022-10-02 09:17:20
323,Mr. Nicholas Johnson,rgates@example.com,2022-10-30 01:32:44
324,Mark Allen,wfisher@yahoo.com,2023-07-26 10:29:41
325,Suzanne Nicholson,hernandezkaren@hotmail.com,2023-12-15 07:47:43
326,Darrell Strong,istevens@yahoo.com,2022-12-04 23:39:03
327,Joseph Peterson,waltonjuan@hotmail.com,2023-05-30 15:33:58
328,Ryan Davis,allisonwise@gmail.com,2024-03-19 07:32:04
329,Shelley Humphrey,lindseymiller@example.com,2023-09-22 21:39:47
330,Amanda Maxwell,wilcoxryan@hotmail.com,2023-05-25 10:29:03
331,Nicole Jimenez,lynnhall@example.com,2023-06-09 20:48:44
332,Janice Cook,jenniferparker@gmail.com,2022-09-11 11:23:58
333,Anthony Miller,michaelperez@yahoo.com,2024-05-18 23:13:29
334,Phillip Wood,hherrera@example.com,2024-04-22 11:34:37
335,Justin James,millermarc@yahoo.com,2022-11-25 18:46:37
336,James Taylor,kristy74@gmail.com,2023-08-13 20:56:24
337,Luke Marks,michellecalhoun@yahoo.com,2024-07-20 00:08:00
338,Elizabeth Spencer,weissmichael@yahoo.com,2023-02-07 02:42:16
339,Mackenzie Doyle,morrisjacob@hotmail.com,2023-11-09 04:14:10
340,Zachary Thomas,michael74@gmail.com,2023-04-18 00:34:11
341,Carrie Taylor,vanessagutierrez,2022-10-16 01:13:16
342,Susan Jordan,rhondakemp@example.com,2022-11-27 10:35:08
343,Bradley Fischer,whitechristopher@gmail.com,2024-04-23 15:57:22
344,Christopher Cook,tara82@yahoo.com,2023-12-24 17:43:43
345,Kayla Craig,karenrubio@yahoo.com,2023-01-15 01:57:35
346,Tracy Williams,woodskimberly@gmail.com,2023-01-02 16:06:21
347,Tammy Park,morankayla@gmail.com,2022-11-29 04:29:33
348,Devin Rasmussen,jcarter@yahoo.com,2024-03-22 16:35:43
349,Thomas Simmons,julieharris@yahoo.com,2022-12-14 20:40:09
350,Courtney Freeman,kfarmer@example.com,2024-07-14 21:34:01
351,Jeff Walters,michellerowe@gmail.com,2023-09-28 16:34:11
352,Patrick Price,patelmichael@gmail.com,2024-08-06 06:23:58
353,William Mcintyre,gmiddleton@example.com,2024-01-03 00:58:32
354,Carolyn Garcia,patrickvega@yahoo.com,2023-10-22 07:46:20
355,Katherine Thomas,joseph74@hotmail.com,2022-10-05 11:35:33
356,Amanda Brown,pittsshirley@yahoo.com,2023-10-22 09:29:02
357,Brandon Owens,jeffreyreyes@gmail.com,2024-02-16 00:56:40
358,Dennis Cummings,gbooth@gmail.com,2023-12-12 00:31:16
359,Julie Short,barnesdylan,2022-12-07 18:50:41
360,Gregory Thomas,flemingamanda@yahoo.com,2023-09-10 16:56:54
361,Ashley Frank,otaylor@example.com,2023-02-01 18:18:43
362,Michelle Silva,nstevenson@hotmail.com,2023-12-04 16:09:45
363,Brianna Estrada,nathanmartinez@yahoo.com,2023-01-08 08:57:14
364,Nicholas Brennan,samuel70,2023-10-31 19:08:09
365,Andrea May,charlesmoore@yahoo.com,2024-03-12 20:30:04
366,Lisa Crane,travisjones,2022-12-12 21:18:46
367,Kayla Miller,fswanson@gmail.com,2023-12-16 07:44:28
368,John Sanders,hbowen@hotmail.com,2023-10-21 12:19:51
369,Dr. Jonathan Rice,mccartycourtney@gmail.com,2024-05-07 09:59:51
370,Edward Cooper,cassandrarichardson@hotmail.com,2023-12-21 10:24:29
371,James Potter,veronica18@example.com,2023-04-05 09:11:27
372,Kyle Campbell,ricardo88@hotmail.com,2024-04-22 20:17:59
373,Mark Haynes,denisefleming@hotmail.com,2022-11-07 02:16:48
374,Eric Blake,harrelladam@hotmail.com,2022-09-29 02:29:17
375,Joshua Hall,tmullins@yahoo.com,2024-01-13 04:34:50
376,Rita Brennan,matthewharrison@hotmail.com,2022-09-02 10:49:18
377,Karen Price,bowmandaniel@example.com,2023-06-15 12:27:19
378,Thomas King,gmills@yahoo.com,2023-08-29 12:08:47
379,Thomas Perez,charlotteodonnell@gmail.com,2024-04-07 19:30:56
380,Micheal Perez,heidi20@hotmail.com,2023-05-14 21:27:06
381,Sydney Gallagher,joshuaroberts@hotmail.com,2023-12-04 07:31:34
382,Omar Scott,jeremyhill@yahoo.com,2024-08-19 16:04:12
383,Jacob Pham,gkrause@example.com,2023-12-12 20:16:26
384,Jacob Miller,derek89@gmail.com,2023-02-15 11:50:19
385,Laura Stevens,ereid@yahoo.com,2023-05-13 06:02:58
386,Stephanie Dunn,deanna35@yahoo.com,2023-03-17 04:21:06
387,Kaylee Santos,bwinters@gmail.com,2023-07-26 19:03:11
388,Christopher Baker,eduardokim@yahoo.com,2022-10-08 06:20:39
389,Catherine Frazier,vanessajones@example.com,2022-10-15 02:46:06
390,Crystal Chang MD,holly94@example.com,2024-01-25 18:51:02
391,Kelly Walker,oliviageorge@yahoo.com,2022-12-17 17:23:53
392,Madison Vaughn,benjamin15@gmail.com,2023-07-05 16:57:43
393,Sherry Wallace,anthony41@example.com,2022-08-30 08:57:12
394,Latoya Walker,stacycruz@hotmail.com,2024-06-08 01:00:25
395,Cameron Pineda,davidharper,2022-09-07 19:32:05
396,Brian Guzman,yhobbs@hotmail.com,2024-02-19 13:52:03
397,Gregory Chang,byrddylan@hotmail.com,2024-07-11 03:53:51
398,Joseph Lopez,sanchezjanet@hotmail.com,2022-09-29 15:34:44
399,Carrie Strickland,hwilliams@hotmail.com,2023-05-24 01:43:54
400,Timothy Mccarty,martinkenneth@hotmail.com,2022-11-21 03:46:06
401,Brittany Moore,abranch@example.com,2023-03-18 02:15:08
402,Joshua Roberts,zstephens@example.com,2022-11-15 11:40:13
403,Antonio Riley,alexisyoung@example.com,2024-08-13 10:20:21
404,William Alvarez,mikewilson@hotmail.com,2022-12-01 14:35:49
405,Melanie Owens,jamesfranco@hotmail.com,2022-12-03 23:55:45
406,Scott Miller,wowens@yahoo.com,2023-03-15 21:33:31
407,Amber Martin,wilsondonna@yahoo.com,2023-05-21 09:44:01
408,Steven Joyce,fmitchell@hotmail.com,2024-02-24 05:04:59
409,Jason Durham,james37@gmail.com,2023-06-26 02:27:49
410,Christina Ward,donald99@yahoo.com,2023-01-28 17:54:34
411,William Summers,julie18@yahoo.com,2022-09-05 02:28:26
412,Matthew Mcpherson,elizabeth89@example.com,2022-11-24 19:03:50
413,Kathryn Nelson,susan38@gmail.com,2022-12-31 13:05:13
414,Andrea Francis,rosalesjustin@yahoo.com,2024-07-07 08:38:43
415,Michael Smith,bduncan@hotmail.com,2023-07-16 12:23:00
416,Carolyn Evans,lbrooks@hotmail.com,2023-04-17 14:53:41
417,Tara Neal,tina61@gmail.com,2023-03-11 05:33:54
418,Lori Lozano,troykelly,2022-10-25 08:54:27
419,Andrea Johnson,lindseyjames@yahoo.com,2024-06-01 10:00:04
420,Thomas Russell,barneskevin@yahoo.com,2023-08-05 05:42:57
421,Taylor Cooper,pmartin@example.com,2024-03-28 04:08:46
422,Daniel Richardson,hernandezmichael@example.com,2023-05-18 04:59:12
423,Heather Singleton,santiagojill@hotmail.com,2023-06-10 16:19:13
424,Roger Shaw,johnjohnson@gmail.com,2023-10-08 09:10:39
425,Casey Harris,yolanda32@gmail.com,2023-11-16 19:09:21
426,Marie Thomas,adennis@example.com,2023-10-11 07:57:24
427,Luke Graham,nburns@gmail.com,2023-08-09 23:58:31
428,Diana Love,breannawells@yahoo.com,2022-12-19 06:33:21
429,Tracy Rhodes,ryanlawrence@gmail.com,2023-08-09 10:17:48
430,David Smith,ysoto@example.com,2023-09-26 07:22:50
431,Samantha Holmes,barneslori@hotmail.com,2024-01-31 14:20:50
432,Thomas Miller,allison12@yahoo.com,2023-01-28 00:19:48
433,Laurie Walters,westtyler@gmail.com,2023-03-27 22:35:39
434,Erica Jensen,kari87,2023-12-20 04:56:40
435,Brandon Davidson,katrina85@hotmail.com,2023-10-27 23:07:23
436,David Cain,qphelps@hotmail.com,2024-03-21 08:09:49
437,Brooke Ross,alisonbowen@gmail.com,2023-08-22 16:13:52
438,Stephanie Munoz,cookelizabeth@hotmail.com,2023-02-03 23:53:53
439,Brittany Savage,obrientiffany@example.com,2022-11-21 09:05:58
440,Jennifer Brown,troyflores@example.com,2023-06-24 15:33:53
441,Terry Shelton,luisperry@example.com,2023-01-17 14:00:39
442,Monica Holland,abates@hotmail.com,2023-06-02 06:06:24
443,Charles Lee,hmaxwell@yahoo.com,2022-12-30 17:35:39
444,Judy Marks,wileystephanie@gmail.com,2024-01-03 19:09:11
445,George Webster,pricerichard@example.com,2024-08-01 02:02:58
446,Christopher Hanson,robertomorales@hotmail.com,2024-04-06 08:51:29
447,Nicole Mccullough,douglasamy@gmail.com,2023-11-11 12:55:33
448,Teresa Herrera,vsimpson@example.com,2022-11-25 10:28:24
449,Mark Gray,jasminewilson@example.com,2023-08-01 19:57:47
450,Anthony Beck,jenniferrobinson@hotmail.com,2024-04-15 08:34:46
451,Jesse Torres,xmaxwell,2023-12-17 22:03:17
452,Tiffany Woodard,coxlisa@example.com,2023-02-08 14:30:10
453,Nathan Rhodes MD,jonathangutierrez@gmail.com,2024-02-23 19:13:36
454,Diana Franklin,duranjacob@yahoo.com,2023-12-18 08:08:45
455,Kyle Harris,hjoyce@yahoo.com,2023-12-08 22:57:06
456,Gerald Henry,jason72@gmail.com,2024-06-05 01:23:14
457,Jillian Smith,smithjimmy@example.com,2022-09-13 12:17:38
458,Michelle Kelly,rickylopez@gmail.com,2022-09-15 06:24:04
459,Tanya Whitney,brandonhall@yahoo.com,2023-12-15 03:00:34
460,Rebecca Moreno,jeffreydoyle@yahoo.com,2023-05-07 02:25:39
461,Kevin Jones,david60@yahoo.com,2023-01-18 19:51:25
462,Charles Wolf,steven16@example.com,2023-09-20 07:31:38
463,Kimberly Garcia,sarah55@hotmail.com,2022-08-22 14:47:17
464,Rodney Kline,yuderrick@gmail.com,2024-02-18 23:26:54
465,Mark Nelson,griffincaroline@example.com,2024-01-26 11:08:54
466,Damon Guzman,lisa11@hotmail.com,2023-06-28 19:11:09
467,Bryan Hughes,maria39@yahoo.com,2023-11-26 19:46:41
468,Melissa King,garrett85@gmail.com,2024-03-18 19:32:31
469,Michael Turner,anelson@gmail.com,2022-12-27 08:29:29
470,Thomas Williams,nicholasellis@yahoo.com,2023-07-15 08:57:08
471,William Smith,thorton@yahoo.com,2022-11-21 07:51:26
472,Dean Boyd,timothytaylor@gmail.com,2022-11-12 18:33:21
473,Walter Warner,angela75@hotmail.com,2023-06-21 17:38:36
474,Joseph Davis,pamela71@gmail.com,2024-03-06 02:17:14
475,Ryan Chavez,leewilliam@gmail.com,2024-02-26 21:53:41
476,Melissa Griffin,andrewgreen@gmail.com,2023-08-05 15:24:23
477,Ryan Harding,victorjacobs@example.com,2022-09-23 11:13:08
478,Heather Hensley,christinehaney@hotmail.com,2023-12-07 23:26:58
479,John Meyer,lisabenitez@yahoo.com,2022-12-14 02:40:35
480,Darrell Russell,wareveronica,2023-12-12 12:09:37
481,William Cruz,smithkelly,2023-09-10 22:46:18
482,Joseph Wiggins,gordonreginald,2023-10-01 12:12:24
483,Kevin Rowland,osandoval,2023-11-15 11:47:23
484,Christina Barnes,ricky58@example.com,2023-09-04 16:34:20
485,Elaine Sullivan,zwilson@gmail.com,2023-03-01 13:23:14
486,Seth Perkins,kathryn08@yahoo.com,2024-02-22 20:20:02
487,Terri Hall,randall59@example.com,2024-07-29 08:10:20
488,Carol Scott,oortiz@gmail.com,2024-06-03 22:44:23
489,Jessica Moore,mark94@yahoo.com,2023-09-10 15:59:36
490,Jesus Green,marypace@yahoo.com,2023-10-09 03:32:51
491,Kenneth Garcia,williamsjustin@hotmail.com,2024-06-06 17:17:43
492,Gary Beard,jodykane@yahoo.com,2024-01-27 22:54:32
493,Rachel Curtis,ryangonzalez@gmail.com,2023-01-29 07:20:03
494,Deborah Sanders,joshua76@yahoo.com,2024-07-01 18:34:51
495,Alicia Stephens,pmason@hotmail.com,2023-05-06 07:32:14
496,Lynn Reynolds,onixon@hotmail.com,2023-11-11 12:22:31
497,Oscar Warner,samuelrobinson@gmail.com,2024-05-26 20:43:56
498,Bradley Vaughn,erin44@example.com,2022-11-01 11:02:24
499,Christopher Wolfe,josephjohnson@hotmail.com,2023-08-24 08:59:46
500,Miranda Smith,ann62@example.com,2023-04-28 23:27:09
501,Miranda Pollard,emarshall@yahoo.com,2023-10-16 03:07:46
502,Angela Logan,christineramirez@yahoo.com,2023-12-14 05:51:53
503,Crystal Chambers,hatfieldgregory@gmail.com,2023-04-04 16:00:41
504,Jason Garcia,nicolemartin@yahoo.com,2024-01-23 10:28:08
505,Caleb Fisher,kristinsmith@gmail.com,2022-08-25 10:46:34
506,Jennifer Mcfarland,campbellvictoria@hotmail.com,2023-02-19 15:38:17
507,Grace Olson,timothyblake@yahoo.com,2022-11-24 05:45:15
508,Shawn Diaz,courtneyruiz@gmail.com,2023-10-02 19:54:48
509,Renee Smith,belindaward@gmail.com,2024-05-08 17:20:56
510,Dr. Howard Reyes,hjohnson@yahoo.com,2023-01-09 21:43:12
511,Christopher Jordan,osmith@yahoo.com,2022-09-18 03:38:27
512,Anthony Allen,katiebennett@yahoo.com,2023-09-09 02:26:03
513,Brian Watson Jr.,faulknerscott@hotmail.com,2023-06-09 13:30:45
514,Jordan Gonzalez,elizabeth97@gmail.com,2024-04-19 19:17:05
515,Debra Adams,juliehill,2023-11-13 07:12:31
516,Michelle Gilmore,yperez@example.com,2023-12-19 08:25:28
517,Julia Hebert,qhenry@hotmail.com,2024-01-24 12:02:17
518,Danielle Ford,belldonald@yahoo.com,2023-09-12 17:17:53
519,Angela Moore,richpatricia@example.com,2023-02-27 05:34:35
520,Rhonda Nash,marktorres@gmail.com,2023-07-30 04:27:27
521,Amanda Pugh,matthew38@example.com,2023-09-25 23:26:41
522,Kathy Wade,combswhitney@gmail.com,2022-12-09 22:54:38
523,Marissa Mack,ginahernandez@yahoo.com,2024-06-19 18:11:50
524,Todd Jordan,lisaknight@hotmail.com,2024-03-17 00:39:09
525,Michael Daugherty,stanleytamara@yahoo.com,2024-03-14 04:20:09
526,Mark Allen,brownkristina@yahoo.com,2023-08-21 07:55:59
527,Kaitlin Moore,matthew24@yahoo.com,2022-11-10 09:16:16
528,Jeffrey Rogers,larrygraves@hotmail.com,2024-02-05 17:25:49
529,Amanda Conley,sarah52@gmail.com,2023-06-08 14:24:17
530,Tristan Smith,mcdonaldjennifer@example.com,2024-08-02 16:11:08
531,Nicole Douglas,mendozasherri@yahoo.com,2023-10-27 15:38:21
532,Donna Joseph,vkeller@example.com,2024-02-20 21:44:29
533,Matthew Palmer,yedwards@example.com,2024-02-24 16:14:21
534,Elizabeth Barton,dillonjeffrey@gmail.com,2022-10-20 15:38:46
535,Michelle Carr,pattersonamanda@hotmail.com,2022-12-02 04:18:42
536,Tracy Avila,xferguson@yahoo.com,2022-12-26 16:12:18
537,Glenn Rodriguez,charlesweaver@yahoo.com,2024-08-08 18:19:53
538,Susan Gray,ivanmartin@gmail.com,2024-03-10 21:13:25
539,Ashley Howard,moralesmichelle,2022-09-14 01:29:25
540,Cory Williams,fsmith@hotmail.com,2024-07-08 21:36:52
541,Phillip Peters,davisalice@hotmail.com,2024-06-04 06:57:26
542,James Raymond,scottcooper@yahoo.com,2022-12-04 22:12:33
543,Brianna Kirk,cohenbenjamin@hotmail.com,2024-03-13 18:20:17
544,Patricia Adams,timothyrush,2023-11-07 09:06:06
545,Brittany Strickland,patrickkim@hotmail.com,2024-02-12 13:01:33
546,Leslie Miller,jorgedoyle@gmail.com,2023-11-18 15:27:36
547,Zachary Wilson,rbraun@example.com,2024-01-07 08:20:18
548,Sara Allen,wlowe@hotmail.com,2024-03-12 23:23:16
549,Michael Pena,john23@yahoo.com,2023-01-09 14:01:25
550,Jeffrey Fleming,garciarenee@gmail.com,2024-01-02 01:31:22
551,Alexis Sharp,edward72@gmail.com,2023-12-28 18:55:12
552,Denise Preston,morgan21@yahoo.com,2024-05-13 13:09:32
553,Nicholas Wilson,yvonnejohnson@yahoo.com,2024-06-07 20:21:56
554,Shawna Nichols,walkerlauren@yahoo.com,2023-09-03 16:21:04
555,Kristen Miller,howardhelen@example.com,2023-07-05 07:40:48
556,Jonathan Williams,williamprince@hotmail.com,2024-02-05 19:59:26
557,Stephanie Smith,danieljones@hotmail.com,2024-04-25 20:25:13
558,Christopher Torres,kgutierrez@example.com,2023-02-09 02:44:54
559,Taylor Carter,tstone@gmail.com,2024-05-29 20:23:29
560,Heather Alexander,lopezjuan@hotmail.com,2022-10-23 23:21:00
561,Alec Stone,johnmarshall@yahoo.com,2023-08-10 03:56:30
562,Sally Perry,james24@example.com,2022-11-25 23:56:03
563,Mr. Richard Castillo,wross@hotmail.com,2023-06-01 04:19:42
564,Michelle Stewart,hayleyhampton@yahoo.com,2023-02-18 23:49:48
565,Lori Odom,melissa69@example.com,2022-11-30 07:03:28
566,Maria Luna,shunter@gmail.com,2022-10-14 07:31:00
567,David Gould,michaelharvey@yahoo.com,2023-12-10 12:02:58
568,Kevin Valdez,mgarcia@example.com,2023-03-10 19:48:44
569,Stephanie Stanley,jamie80@hotmail.com,2024-03-04 20:50:29
570,Tanya Harris,martinezbradley@hotmail.com,2022-09-25 07:39:53
571,Mary Hall,tinakelley@hotmail.com,2024-08-13 11:34:48
572,Tammy Hogan,hollychavez,2024-06-04 16:39:25
573,Kristen Palmer,vwilson@yahoo.com,2023-04-24 05:30:22
574,Rachel Williams,hernandezlauren@example.com,2024-04-18 20:53:11
575,Jonathon Andrews,zking@hotmail.com,2023-02-02 06:01:48
576,Brittany Rodriguez,mitchelldustin@yahoo.com,2023-04-28 07:24:07
577,Gregory Guerra,nolankenneth@gmail.com,2023-05-01 15:47:21
578,Linda Smith,johnsonmichael@example.com,2023-06-11 08:19:30
579,Andrew Barnes III,swolfe@gmail.com,2024-07-22 02:17:52
580,Angela Howard,nicholas08@hotmail.com,2023-02-06 04:43:01
581,Timothy Berry,nathaniel47@hotmail.com,2023-06-25 01:15:27
582,Timothy Jackson,knapptina@example.com,2023-03-07 13:45:46
583,Lisa Kelly,palmerapril@gmail.com,2024-06-12 16:08:48
584,Jennifer Smith,tina80@gmail.com,2023-08-29 20:15:01
585,Robyn Williams,anne80@gmail.com,2023-06-17 10:22:43
586,Whitney Johnson,stephenstracy@example.com,2022-09-05 23:26:06
587,Lori Gutierrez,hoopermatthew@example.com,2024-07-28 03:15:22
588,Brandon Castillo,tmartin@hotmail.com,2023-08-27 05:08:03
589,Brittany Mitchell,tdiaz@hotmail.com,2024-07-10 11:04:51
590,Sara Brown,brandirubio@yahoo.com,2024-08-17 22:53:26
591,Travis Hernandez,tannerbradley@yahoo.com,2023-09-11 15:03:47
592,Craig Fletcher,mtaylor@example.com,2024-05-04 08:48:45
593,Christina Barber,jennifersmith@gmail.com,2023-04-24 00:21:35
594,Arthur Bentley,srosales@hotmail.com,2024-08-12 06:04:51
595,Gary Edwards,martinkevin@yahoo.com,2023-06-27 08:23:17
596,Nathan Fowler,eric26@example.com,2022-12-20 01:56:20
597,Cynthia Griffin,anthonywest@example.com,2023-12-03 17:13:15
598,Maria Beck,ryan78@gmail.com,2022-11-21 07:03:23
599,Lisa Curtis,robin59@example.com,2023-06-28 16:42:33
600,Steve Graham,lisahart,2023-04-03 08:10:20
601,Kristy Moore,cbaker@hotmail.com,2022-09-06 06:07:01
602,Dr. Teresa Perez,sanchezjames@gmail.com,2022-10-20 14:23:52
603,Elizabeth Parker,angelaortiz@yahoo.com,2022-12-29 14:57:44
604,Edward Gardner,lynnjohnson,2023-07-29 16:12:45
605,Larry Foster,petersonduane@example.com,2023-03-06 10:45:28
606,Kyle Thompson,kylegarner@gmail.com,2023-10-23 02:06:22
607,Bryan Garcia,usmith@yahoo.com,2023-08-30 08:12:20
608,Ariel Dennis,martinezdonna@example.com,2023-06-14 06:53:34
609,Jason Jimenez,roy63@example.com,2023-09-04 11:57:36
610,Julie Murillo,ashley90@gmail.com,2022-10-15 04:50:20
611,Anthony Smith,joseph15@yahoo.com,2023-10-01 23:46:25
612,Mr. Jonathon Terrell,thompsonmartin@hotmail.com,2024-01-24 16:03:24
613,Christopher Mills,cthomas@yahoo.com,2024-06-20 10:21:21
614,Olivia Schmidt,sandralewis,2022-11-09 08:13:26
615,Lori Brown,jthomas@gmail.com,2024-01-10 21:37:14
616,Ryan Martinez,elizabeth36,2023-06-25 03:54:16
617,David Mills,oherring@example.com,2022-09-20 11:15:47
618,Mario Thomas,jonesdenise@example.com,2024-07-07 21:36:34
619,Lauren Martin,shane78@hotmail.com,2024-06-07 05:59:24
620,Matthew Aguirre,victoria32,2024-07-13 02:31:52
621,Connor Foster,garciakevin@yahoo.com,2022-10-04 07:01:06
622,Joshua Lucero,manueljohnson,2022-10-22 23:28:56
623,Kathleen Fernandez,kaitlynhobbs@hotmail.com,2024-02-10 17:36:00
624,Christopher Payne,alisonball@yahoo.com,2023-01-24 05:54:44
625,John Rice,wschmidt@yahoo.com,2022-12-27 07:15:42
626,Mary Travis,cheryl42@gmail.com,2024-05-23 02:24:27
627,Peter Manning,nicholas67@gmail.com,2022-10-06 03:20:55
628,Michelle Williams,duaneyoung@hotmail.com,2022-09-21 10:18:18
629,Eric Griffith,pcoleman,2023-12-16 12:08:09
630,Mallory Rogers,danielbauer@hotmail.com,2023-03-14 08:59:28
631,Jeffrey Montoya,fwillis@example.com,2022-12-09 03:03:23
632,Paul Reyes,marquezkyle,2023-05-24 00:53:00
633,Chad Lucas,yateschristine@example.com,2023-12-20 15:25:24
634,Steve Carson,garyblack@yahoo.com,2023-12-22 22:07:20
635,Christopher Scott,margaret98@yahoo.com,2023-12-06 23:37:01
636,Nicholas Martin,williamskelly,2023-11-07 20:00:57
637,Bobby Dominguez,gonzalezkristin@hotmail.com,2023-05-04 00:53:27
638,Jose Haas,dianestewart@example.com,2023-01-30 00:18:29
639,Bethany Miller,daniel45@hotmail.com,2023-10-18 03:47:35
640,Stephen Williams,wagneraaron@yahoo.com,2022-12-18 03:50:51
641,Gregory Hull,weissamber@example.com,2022-08-27 19:10:50
642,Hayley Moore,thomas55@hotmail.com,2023-05-26 07:35:30
643,Wesley Chavez,pamelaburke@example.com,2023-09-08 12:03:00
644,Tyler Ferguson,ryan48@example.com,2023-12-04 05:21:24
645,Jeffrey Dougherty,mhernandez@yahoo.com,2023-12-09 21:59:36
646,Shawn Ramos,zmorgan@gmail.com,2024-05-09 12:23:55
647,Anthony Pratt,omar72@example.com,2022-12-12 07:20:47
648,Jennifer Savage,pughkelly@hotmail.com,2024-03-09 23:09:13
649,Robert Olson,olivia17@yahoo.com,2024-02-12 01:44:06
650,Jill Phelps,sfoley@gmail.com,2024-03-27 16:15:25
651,Joyce Willis,jonathan99@hotmail.com,2024-05-07 13:17:40
652,Gregory Gutierrez,kenneth09@gmail.com,2024-07-29 10:36:51
653,Molly Beasley,saraforbes@yahoo.com,2023-04-15 17:18:27
654,Kathryn Davidson,joshua12@hotmail.com,2022-10-18 03:31:31
655,Daniel Hall,fernandezandrew@hotmail.com,2022-09-21 07:28:21
656,Howard Wyatt,corywilson@yahoo.com,2024-04-11 05:59:15
657,Sean Diaz,petersenjames@hotmail.com,2024-07-29 02:04:03
658,Terry Scott,frankkimberly@example.com,2024-05-24 06:41:03
659,Michelle Mendoza,crystalwalker,2023-06-14 11:48:31
660,Brandy Thomas,david85@gmail.com,2022-10-09 23:54:22
661,Alexander Martinez,lukesantiago@gmail.com,2024-01-15 09:00:43
662,Miguel Lopez,welchwendy@hotmail.com,2022-10-17 03:02:20
663,Vanessa Robinson,joneswilliam@hotmail.com,2023-01-08 04:37:31
664,Stephanie Chan,ymullen@example.com,2022-12-08 16:08:21
665,Kaitlin Alexander,amitchell@gmail.com,2023-03-18 21:08:10
666,Jordan Rodriguez,sheila44@example.com,2022-10-04 22:32:57
667,Adam Clark,dixonmichael,2023-07-02 20:02:07
668,Chelsea Jones DDS,dyeradrian@yahoo.com,2023-01-29 04:22:37
669,Michael Jones,belinda68,2023-06-13 04:10:02
670,Michael Forbes,paul86@gmail.com,2022-10-09 00:51:35
671,Gina Dawson,sdillon@yahoo.com,2022-10-19 03:14:55
672,Wayne House,fryekimberly@example.com,2022-12-03 19:43:29
673,Kimberly Ward,matthewkrueger@gmail.com,2022-09-16 04:02:12
674,Susan Whitehead,xshepherd@yahoo.com,2023-04-04 15:12:40
675,Matthew Joseph,yharris@yahoo.com,2022-10-31 04:52:50
676,Christopher Hall,ashley76@hotmail.com,2024-01-25 12:01:46
677,Sarah Nichols,michelecrawford@example.com,2023-08-12 18:43:03
678,Spencer Gonzalez,stricklandjorge@gmail.com,2022-11-14 19:11:07
679,Anthony Huff,taylorruben,2023-07-09 03:34:35
680,Andrea Gutierrez,dolsen,2023-11-03 23:23:01
681,Keith Lyons,nmcneil@gmail.com,2023-04-22 20:04:06
682,Zachary Booth,calexander@hotmail.com,2023-01-11 22:37:34
683,Kylie Stewart,julie43@example.com,2023-04-26 13:33:32
684,Mitchell Hughes,lewismarie@gmail.com,2024-04-10 20:09:48
685,Lauren Gutierrez,aguilarsteven@gmail.com,2023-10-07 17:31:23
686,Lindsay Wiley,hardinronald@gmail.com,2023-08-08 18:06:51
687,Lucas Ruiz,icannon@hotmail.com,2023-03-10 04:38:57
688,Susan Gross,espinozasandra@hotmail.com,2022-09-27 13:31:55
689,Debra Henry,bperry@example.com,2023-01-14 14:35:47
690,William Calhoun,alejandrogarcia,2023-12-22 14:01:24
691,Jason Le,stevenbailey@example.com,2023-12-21 20:43:10
692,Stacy Garcia,saustin@example.com,2024-03-15 23:51:50
693,Mitchell Lee,pmoore@hotmail.com,2024-07-14 16:38:39
694,Brandon Goodman,jacob83@hotmail.com,2023-03-18 01:17:59
695,Devin Jones,meganmoss,2023-01-26 02:59:48
696,Deanna Cherry,gerald22@hotmail.com,2023-10-17 10:37:58
697,Andrea Smith,edgar76@hotmail.com,2023-10-17 18:51:21
698,Alexa Smith,christopher16@example.com,2024-06-29 00:03:43
699,Ashley Banks,pjarvis@yahoo.com,2023-12-28 12:10:27
700,Anita Harris,qbrown@hotmail.com,2023-07-16 11:28:12
701,Ann Gordon,michealphillips@hotmail.com,2023-06-10 22:17:30
702,Jonathan Tapia,jasmin19@yahoo.com,2024-05-11 15:42:59
703,William Allen,luke35@gmail.com,2023-04-23 04:15:48
704,Elizabeth Garcia,jmarshall@gmail.com,2024-06-20 18:15:15
705,David Hooper,jillianlambert@yahoo.com,2023-12-18 18:51:18
706,Natasha Rodgers,zjohnson@yahoo.com,2022-11-10 00:06:15
707,Charles Dawson,tyler66@example.com,2023-02-19 09:35:27
708,Jacob Tapia,wadeamy@example.com,2023-01-30 09:50:58
709,Blake Matthews,jamesshaffer,2023-08-04 21:23:33
710,Megan Griffin,howardpatricia@yahoo.com,2023-07-27 10:00:22
711,John Salinas,nromero@yahoo.com,2023-04-06 03:36:21
712,Anthony Reeves MD,petersondanny@example.com,2023-08-01 15:58:15
713,Thomas Fletcher,ijimenez@hotmail.com,2024-05-08 08:08:35
714,Donald Harrison,burchjamie@hotmail.com,2024-08-03 10:29:24
715,Joshua Ruiz,pwilliams,2023-03-06 03:12:44
716,Michael Hardy,davidvargas@gmail.com,2024-07-06 00:00:26
717,Jeremy Grant,william09@example.com,2023-09-20 01:54:11
718,Katherine Cantu,justin68@hotmail.com,2023-12-18 14:28:11
719,Isaac Figueroa,scottgarcia@yahoo.com,2023-05-17 09:15:51
720,James Bryant,frederick43@yahoo.com,2024-03-02 21:37:39
721,James Silva,karen08@gmail.com,2023-08-13 05:30:12
722,Scott Simon,robertreid@hotmail.com,2024-05-16 17:36:42
723,William Brewer,kenneth69@example.com,2023-01-12 10:56:57
724,Rebecca Hicks,ericholt@example.com,2024-01-24 07:06:44
725,Valerie Underwood,knoxjoshua@hotmail.com,2023-06-03 02:13:12
726,Edward Gross,kristin47@yahoo.com,2023-07-17 17:00:01
727,Jeffrey Montoya,leslie93@hotmail.com,2023-09-18 17:18:12
728,Douglas Mathews,smithvictoria@yahoo.com,2024-08-15 03:43:47
729,Laura Gonzalez,lewisjim@hotmail.com,2023-08-13 12:50:12
730,Mrs. Tabitha Crawford,bgarza@gmail.com,2023-06-01 06:11:57
731,Juan Moore,jonathanhernandez@example.com,2024-06-07 13:08:49
732,Lisa Huerta,cheryl49@yahoo.com,2023-02-03 19:58:58
733,Margaret Shah,julie48@hotmail.com,2023-12-23 02:39:56
734,Kaitlyn Cole,ortiztasha@yahoo.com,2024-08-20 11:43:24
735,Leah Johnson,jamesspears@gmail.com,2024-07-06 14:36:52
736,Robert Herrera,cgreer@hotmail.com,2023-11-10 15:29:11
737,Heather Anderson,tammymahoney@yahoo.com,2023-05-24 10:54:39
738,Kristine Ward,david01@hotmail.com,2023-09-10 06:08:03
739,Melissa Bonilla,jason96@example.com,2023-03-19 14:15:18
740,Vanessa Finley,fjohnson@hotmail.com,2023-11-26 01:41:21
741,Kyle Ayala,jphillips@yahoo.com,2023-07-01 10:10:04
742,Mrs. Jennifer Dunn,terrylauren,2024-01-18 14:56:05
743,Dawn Bennett,joshuawarren@yahoo.com,2022-09-04 21:10:00
744,Duane James,emily63@gmail.com,2024-08-16 17:11:37
745,Jeffrey Martinez,olsonjeffrey@gmail.com,2023-06-23 06:57:29
746,John Kelley,robert99@example.com,2022-12-25 03:48:36
747,Tammy Vasquez,april18@hotmail.com,2023-10-26 02:54:28
748,Todd Phillips,xschultz@example.com,2024-03-22 08:50:06
749,Erica Adams,gburke@gmail.com,2023-08-21 02:33:19
750,Patricia Cox,yreyes@hotmail.com,2024-06-22 17:27:28
751,Emily Burns,facevedo@yahoo.com,2022-12-31 21:25:34
752,James Wyatt,joanna17,2024-01-26 03:20:17
753,Craig Peters,aaron05,2023-05-17 02:24:55
754,Katie Prince,craighuynh@example.com,2024-03-08 21:00:24
755,Zachary Ho,ehobbs,2023-10-31 06:23:21
756,Patricia Faulkner DVM,ryanjohnson@gmail.com,2022-11-13 23:12:43
757,Lindsay Carpenter,frankstephanie@hotmail.com,2023-06-07 12:48:35
758,Holly Jacobson,thomasgabriel@yahoo.com,2023-10-27 21:40:17
759,Elizabeth Hutchinson,mwells@yahoo.com,2023-02-22 21:59:55
760,Michael Cox,varcher@example.com,2023-06-20 10:05:56
761,Elizabeth Moore,bartoncasey@gmail.com,2022-09-09 09:07:13
762,Michele Mejia,armstrongsara@gmail.com,2023-06-13 07:01:19
763,Michelle Cooper,kimberly74@example.com,2024-06-29 13:21:43
764,Jennifer Howell,ujames@yahoo.com,2024-03-19 08:07:47
765,Nicole Vargas,copelandjustin@yahoo.com,2024-04-01 11:36:03
766,Sara Lee,michael36@gmail.com,2023-12-28 20:42:39
767,Patrick Hunt,erik89@gmail.com,2024-02-18 21:15:58
768,Anthony Campbell,karajones@example.com,2023-05-25 16:28:26
769,Ashley Barry,hamiltonpatrick@yahoo.com,2023-08-05 01:05:08
770,Richard Sharp DVM,sabrina08@yahoo.com,2022-08-26 18:14:35
771,Amy Lee,isabellaevans,2024-01-21 20:48:34
772,Kristen Jenkins,vincentjackson@yahoo.com,2023-02-24 06:39:33
773,Steven Smith,elizabeth37@example.com,2024-02-16 11:36:40
774,Jason Miller,yolandalindsey@example.com,2023-06-09 22:40:16
775,Jeffrey Gonzales,abaker@hotmail.com,2024-05-16 02:50:08
776,Kayla Sullivan,duanejordan@gmail.com,2023-03-26 14:30:59
777,Nicholas Summers,rrobinson@hotmail.com,2023-11-10 09:25:05
778,Gabriel Brooks,wbishop@gmail.com,2022-10-31 08:50:31
779,James Wood,jonesamy@gmail.com,2024-08-03 01:43:15
780,Nathan Snow,djames@yahoo.com,2024-04-07 18:38:32
781,Matthew Campbell,samantha37@example.com,2023-08-21 01:42:21
782,Sarah James,rebeccadavis@hotmail.com,2022-09-17 23:53:45
783,Tracy Jones,rodriguezmegan@yahoo.com,2024-04-13 20:57:04
784,Dean Carter,davidmelissa@hotmail.com,2024-07-06 12:36:50
785,Maurice Taylor,bwilliams@gmail.com,2023-11-16 19:50:40
786,Tina Brown,xmoreno@gmail.com,2024-01-18 06:04:02
787,Anita Joseph,teresa90@example.com,2023-08-06 05:39:54
788,Madison Cameron,fthompson@gmail.com,2023-08-26 02:14:16
789,Taylor Casey,iosborn@gmail.com,2023-05-24 02:11:08
790,Rebecca Turner,thomasmeredith@yahoo.com,2022-11-22 15:27:06
791,Jordan Stone,markjacobson@yahoo.com,2023-02-15 14:24:02
792,Mrs. Jillian Torres,annwoodard@gmail.com,2024-07-22 06:45:43
793,Melissa Holt,leebrittany@yahoo.com,2022-09-24 10:25:38
794,Kaitlyn Cameron,jfreeman@example.com,2023-09-22 17:23:00
795,Victor Welch,brandtthomas@gmail.com,2023-08-15 23:55:01
796,Judy Jackson,collinspamela@gmail.com,2023-12-31 15:37:33
797,Brian Parks,rodriguezmonica@example.com,2023-07-30 20:30:12
798,Omar Baker,reyesrobert@hotmail.com,2023-08-13 06:02:47
799,Diana Jordan,katie81,2023-09-25 05:57:25
800,Amy Jackson,hgonzales@gmail.com,2023-07-15 18:48:32
801,Jonathan Clark,buckjuan@example.com,2023-12-09 04:22:40
802,Sheila Spence,michellewalker@gmail.com,2022-11-01 21:29:08
803,Joanna Burton,dlewis@hotmail.com,2023-01-25 07:27:08
804,Randy Crosby,arthur27,2023-01-25 04:25:37
805,Benjamin Potter,bmassey@hotmail.com,2023-01-18 16:12:47
806,Miranda Compton,alex55@yahoo.com,2024-01-08 10:48:17
807,Daniel Jackson,mary43@hotmail.com,2024-04-30 04:00:54
808,Michelle Huang,laurahernandez@gmail.com,2023-09-11 21:04:23
809,Danny Arroyo,williamsadam@yahoo.com,2023-06-20 10:00:16
810,Lisa Martinez,werickson@yahoo.com,2023-04-20 23:36:13
811,Jonathan Knox,phill@example.com,2024-01-22 10:40:45
812,Samantha Johnson,fmejia@yahoo.com,2022-12-13 07:28:06
813,Crystal Wilkinson,susanevans@example.com,2023-09-24 12:35:27
814,Larry Sanchez,umoran@yahoo.com,2023-05-16 17:47:43
815,Megan Johnson,jessica28@yahoo.com,2024-07-03 05:07:00
816,Alexander Romero,xcontreras@gmail.com,2023-09-03 19:11:42
817,Amber Waters,michael32@gmail.com,2022-11-19 20:36:50
818,Steven Aguirre,helen63@yahoo.com,2023-11-23 02:05:02
819,Chad Andrews,joseph13@hotmail.com,2024-01-07 22:26:55
820,Ashley Gardner,brianna72@hotmail.com,2024-01-17 14:30:33
821,Jimmy Schmidt,rodriguezmegan@yahoo.com,2024-04-11 18:03:24
822,Lisa Brooks,andrewstimothy@gmail.com,2024-06-21 00:42:12
823,Isaiah Ward,gmitchell@yahoo.com,2024-05-22 20:50:48
824,Ryan Chapman,eric79@gmail.com,2023-07-08 07:33:45
825,Larry Jones,porterchristopher@hotmail.com,2024-07-21 18:40:14
826,Stephen Walton,david89@example.com,2024-04-11 20:24:55
827,Michael Gibson,robertvaughn@hotmail.com,2022-12-28 17:39:13
828,Jonathan Williams,mooremelissa@gmail.com,2022-10-11 10:27:05
829,Teresa Dawson,reynoldstina,2024-07-19 23:17:03
830,Christy Fleming,david29@gmail.com,2024-05-04 12:51:34
831,Donna Henderson,stephanie71@example.com,2023-05-28 04:30:25
832,Kyle Hood,fwhitaker@gmail.com,2022-08-24 13:14:47
833,Victoria Rogers,johnwilliams@gmail.com,2024-05-22 02:14:54
834,Anthony Soto,harrisjanet@gmail.com,2024-04-16 14:13:17
835,Joseph Johnson,trose@hotmail.com,2023-06-11 16:03:24
836,Alexander Lopez,murphyhenry@example.com,2023-08-21 21:05:06
837,Michelle Sanchez,nicole53@gmail.com,2024-01-20 08:03:28
838,Jasmine Clark,matthewanderson@gmail.com,2023-06-08 13:34:01
839,Wanda Matthews,robertsthomas@yahoo.com,2024-07-15 01:24:43
840,Robyn Parker,tlee@example.com,2024-05-10 13:18:57
841,George Manning,rodriguezryan,2023-09-26 14:52:02
842,William Leonard,william32@gmail.com,2023-10-10 11:07:41
843,Christopher Foster,laura79@hotmail.com,2023-04-18 01:52:38
844,Brittney French,higginsdarren@yahoo.com,2023-05-06 05:00:33
845,Tom Wright,lynnraymond,2023-03-14 15:46:43
846,Sydney Burke,danielle94@gmail.com,2023-05-19 08:48:55
847,Mrs. Michelle Jones,darrylwarren@gmail.com,2024-03-18 23:55:13
848,Joanne Diaz,perkinsshane@hotmail.com,2023-10-01 02:17:22
849,Valerie Harrington,lrusso@hotmail.com,2022-12-20 12:57:35
850,Lori Simmons,hannahsantos@hotmail.com,2022-11-02 02:24:16
851,Miguel Russell,grantgreene@example.com,2023-01-26 22:05:48
852,Jessica Lutz,robert03@gmail.com,2023-08-17 19:51:21
853,Jacqueline Torres,raymond61@hotmail.com,2024-07-15 00:48:54
854,Jared Terry,leonard04,2022-11-22 13:39:13
855,Cathy Klein,matthewsmith@yahoo.com,2023-12-10 06:23:22
856,Kendra Ritter,blevinsandrew@example.com,2023-06-19 11:47:28
857,Bonnie Jackson,jennifer39@hotmail.com,2024-03-02 18:49:44
858,John Williamson,gilmorerodney@example.com,2022-09-12 20:40:49
859,Madeline Walker,katie80@yahoo.com,2024-04-29 19:31:02
860,Ruben Price,hrose@hotmail.com,2024-02-02 04:45:04
861,Devin Williams,meganlambert@example.com,2023-01-05 16:44:31
862,Susan Cooley,eortega@example.com,2024-03-31 15:58:58
863,Michelle Gibson,lisa64@yahoo.com,2023-03-15 12:18:20
864,Emily Martin,thomas56@example.com,2023-11-16 15:50:55
865,Ellen Macdonald,susan60@hotmail.com,2023-11-20 07:04:08
866,Jonathan Martinez,brittney20@example.com,2024-08-15 09:22:37
867,Autumn Cabrera,leechelsey@hotmail.com,2023-07-03 00:43:52
868,Karla Green,anthonyhaynes@example.com,2024-04-13 06:22:28
869,Nicole Patel,cterrell@hotmail.com,2024-05-31 02:30:27
870,Stacy Mccann,alyssavelez@gmail.com,2023-01-08 04:42:54
871,Jeremy Shah,dfrench@hotmail.com,2023-03-16 15:40:05
872,Samuel Anderson,smckenzie@gmail.com,2022-12-10 04:17:14
873,Sarah Jarvis,paulduncan@hotmail.com,2023-05-31 21:46:07
874,Michelle Jackson,moralesdiana@yahoo.com,2023-07-25 18:22:04
875,Sarah Hawkins,gomezrobert@example.com,2022-09-17 08:01:44
876,William Yang,luis01@gmail.com,2023-08-02 14:00:31
877,Kyle Mccormick,rodney57@example.com,2024-01-07 19:36:05
878,Kristen Brown,allenaaron@gmail.com,2024-03-11 04:45:22
879,Brian Benton,careyjohn@hotmail.com,2024-01-21 07:16:02
880,Brian Woodard,woodkerri@example.com,2023-04-09 07:53:31
881,Kerry Duncan,hcurtis@gmail.com,2023-09-07 06:22:28
882,Victoria Ballard,teresajimenez@gmail.com,2023-04-28 06:38:19
883,Jennifer Torres,alexis69@gmail.com,2023-02-28 07:19:52
884,Nicholas Burgess,erinconley@gmail.com,2022-10-04 22:40:55
885,George Peters,tracy27@yahoo.com,2024-05-08 19:04:48
886,Joan Oconnor,zchandler@yahoo.com,2024-02-14 11:44:26
887,Jeremy Navarro,jordanshirley,2023-12-24 12:41:23
888,Amber Gonzalez,vtodd@hotmail.com,2024-06-29 02:03:54
889,Ronnie Wilson,ocisneros@gmail.com,2023-12-29 22:13:04
890,Carolyn Clayton,dukemartin@gmail.com,2022-09-26 06:59:48
891,Fred Miller,rogerskatie@gmail.com,2022-09-08 04:40:01
892,Mr. Mark Horton,xsutton@hotmail.com,2024-08-20 05:41:38
893,William Gonzales,ryanstephanie@hotmail.com,2023-08-26 19:58:14
894,Christy Ochoa,emilypalmer@gmail.com,2024-06-01 21:58:50
895,Dr. Michelle Wright,stevenpowell@example.com,2023-07-13 05:54:03
896,Dale Robinson,martinezeric@gmail.com,2022-10-21 15:34:21
897,Keith Bartlett DDS,fwelch@hotmail.com,2023-07-15 04:01:47
898,Jeffrey Lara,paula39,2022-10-09 04:41:12
899,Megan Reeves,andrea35@gmail.com,2024-01-23 19:44:45
900,Whitney Young,stephaniepatterson@gmail.com,2024-01-11 10:19:02
901,Troy Simpson,reyesashley,2024-08-20 17:14:23
902,Stacey Buchanan,millerrobert@gmail.com,2024-08-04 22:01:24
903,Brandon Barrett,danielbell@yahoo.com,2023-07-08 19:51:31
904,Katherine Smith,joseph95@hotmail.com,2023-10-27 08:03:15
905,Samuel Anderson,vcantrell@hotmail.com,2024-05-18 17:31:41
906,Misty Mccoy,anitajohnson@hotmail.com,2022-12-04 04:49:09
907,Christine Taylor,cynthiamartinez@gmail.com,2023-01-21 04:00:02
908,Tyler Mayer,kathleen34,2024-04-30 05:22:45
909,Brittany Gutierrez,ggonzalez@yahoo.com,2024-06-03 01:02:49
910,Lori Harmon,greyes@gmail.com,2024-05-03 04:43:13
911,John Guerrero,tayloredwards@gmail.com,2022-11-18 10:05:06
912,Elizabeth Montes,andrew66@hotmail.com,2024-06-17 10:36:36
913,Teresa Thornton,troyhendricks@yahoo.com,2023-08-10 09:59:43
914,Ryan Golden,batesdale@gmail.com,2023-03-02 16:00:36
915,Sarah Rodriguez,dharvey@gmail.com,2024-05-19 08:28:27
916,Kristi Hall,joshualyons@gmail.com,2024-02-14 14:48:10
917,Melissa Williams,wrivera@example.com,2023-07-30 23:20:51
918,Charles Harris,nicolebaker@gmail.com,2023-12-14 14:10:25
919,James Boyle,wallcarolyn,2022-10-29 01:14:32
920,Rachel Griffin,jimmykane@yahoo.com,2023-10-18 21:39:42
921,Anthony Martinez,oyoung,2023-08-22 20:38:04
922,Carrie Page,paulajohnson@example.com,2022-11-23 01:48:29
923,Dawn Hull,oreed@yahoo.com,2023-08-20 08:28:09
924,Regina Bowman,ksullivan@yahoo.com,2023-01-05 11:15:48
925,Jennifer Francis,blankenshiprachel@yahoo.com,2023-12-08 22:22:22
926,Elizabeth Carroll DDS,cheryl17,2023-12-15 11:24:39
927,Randy Robles,perezemily@yahoo.com,2023-10-09 18:24:17
928,Samantha Nguyen,vblair@hotmail.com,2023-03-11 12:35:44
929,Joann Reed,rhayes,2024-06-26 12:23:07
930,William Frazier,williamsmelissa@yahoo.com,2023-06-18 23:24:31
931,James Wallace,daniel72@yahoo.com,2023-11-13 03:03:19
932,Tammy Ortiz,bparker@gmail.com,2023-05-03 07:22:37
933,Joshua Flores,lisagarza@example.com,2024-03-20 15:59:27
934,Brandon Jennings,michaelgomez@yahoo.com,2024-04-18 14:02:19
935,Kevin Hopkins,mark47@gmail.com,2023-12-18 03:41:30
936,Jill Hunter,andersoneric@example.com,2023-10-30 03:15:29
937,Monica Green,bishopbrooke@example.com,2023-03-27 04:51:49
938,Alejandro Vaughn,mscott@example.com,2024-04-07 05:25:21
939,Ryan Olson,catherinehernandez@gmail.com,2023-09-03 05:27:21
940,Diane Jones,pbishop@example.com,2024-01-02 22:34:03
941,Laura Cole,deborahreed@gmail.com,2022-11-02 04:35:37
942,Kimberly Hatfield,michaelphillips@hotmail.com,2022-12-18 18:33:01
943,Brandy Mcmillan,eewing@yahoo.com,2022-11-10 14:42:48
944,Eric Welch,tylerrios@gmail.com,2024-01-22 04:44:59
945,Randy Luna,markfoley@gmail.com,2023-05-21 11:54:30
946,Janet Cain,janetdalton@yahoo.com,2024-03-24 00:15:04
947,Taylor Mata,herreracynthia@yahoo.com,2022-09-05 15:47:19
948,Mary Barnes,qrubio@yahoo.com,2022-10-04 14:07:32
949,Michael Ward,keith46@gmail.com,2023-09-10 16:33:03
950,David Berry,hullronnie@yahoo.com,2024-04-23 21:20:13
951,Nicholas Anderson,jgibson@hotmail.com,2023-10-07 07:05:56
952,James Shea,ericlopez@gmail.com,2024-05-09 08:18:12
953,Mrs. Diane Nguyen,deannawolfe,2023-06-20 14:02:56
954,Thomas Cohen,hwells,2023-11-18 10:25:26
955,Todd Shaw,qmorton,2022-11-13 00:11:30
956,Christopher Johnston,fletchertammy@example.com,2024-06-12 02:49:53
957,Brent Garcia,mmullen@hotmail.com,2024-08-11 23:59:53
958,Javier Ortiz,wjones@yahoo.com,2023-12-20 13:47:14
959,April Cannon,jonesjacob@yahoo.com,2022-09-27 17:35:04
960,Michael Lopez,cwebb@yahoo.com,2022-12-01 05:27:17
961,Ryan Hill,antoniorivera,2024-07-01 08:07:20
962,Lance Ward DDS,ehill@example.com,2023-06-26 14:33:43
963,Manuel Becker,alexandra65@example.com,2023-11-25 18:48:22
964,Russell Murillo,james36@gmail.com,2024-05-16 18:21:34
965,Patricia Jacobs,gregory30@hotmail.com,2024-08-03 22:07:58
966,Sharon Miller,robinharrington@yahoo.com,2023-01-19 22:46:33
967,Randy Rodriguez,christina61,2024-03-18 07:19:27
968,Logan Richard,smithlori@hotmail.com,2023-04-25 09:17:33
969,Steven Adams,joshua23@example.com,2022-12-14 09:31:31
970,Robert Martin,zhill,2022-12-07 18:48:39
971,Juan Stanley,vasquezrandy@yahoo.com,2024-06-05 19:55:09
972,Dylan Miles,vcarrillo@hotmail.com,2024-01-15 15:41:35
973,Todd Hall,stephaniemccullough@hotmail.com,2023-01-28 18:23:13
974,Russell Everett,ewilliams@gmail.com,2023-09-06 04:30:19
975,Sandra Jones MD,ywarren@yahoo.com,2024-02-03 17:50:11
976,Shelby Wyatt,lisa57@hotmail.com,2024-01-25 17:00:17
977,Tony Byrd,rachelramirez@hotmail.com,2023-11-19 04:13:18
978,Tracy Johnson,julie52@yahoo.com,2024-01-04 01:07:30
979,Katie Montgomery,raymondwilliams@hotmail.com,2023-04-09 14:01:34
980,Dr. Regina Lewis,angela19,2023-04-28 16:13:56
981,James Shepherd,kathleen14@yahoo.com,2023-04-27 07:03:03
982,Matthew Hall,lisa18@hotmail.com,2023-08-11 20:36:12
983,Emily Mcbride,cheryl81@example.com,2023-07-14 07:09:21
984,Raymond Brown,melanievaughn@example.com,2022-11-19 20:20:14
985,Michael Mills,martintaylor@example.com,2023-10-07 01:31:37
986,Emily Edwards,jeremy84@yahoo.com,2024-05-26 04:38:57
987,Michael Tanner,spencer86,2024-02-14 09:07:11
988,Betty Navarro,rramirez@yahoo.com,2024-02-22 14:26:15
989,Andrea Murphy,padillaalicia@gmail.com,2023-02-07 11:00:29
990,Robert George,lriley@yahoo.com,2022-11-16 21:21:24
991,Mary Gilmore,gabrielle00@hotmail.com,2024-02-06 17:15:28
992,Philip Bryant,denisenelson@hotmail.com,2022-10-31 06:31:32
993,Blake Berg,cardenasjonathan@hotmail.com,2024-06-25 21:09:16
994,Michael White,nancy44@hotmail.com,2023-01-16 20:34:52
995,Wendy Melendez,stephen24@hotmail.com,2023-04-15 04:46:51
996,Ryan Conner,phodges@gmail.com,2022-11-19 20:10:20
997,Lori Taylor,shensley@hotmail.com,2023-03-01 06:34:59
998,Valerie Hurley,fdeleon@gmail.com,2022-10-04 08:04:08
999,Jennifer Cabrera,lcarlson@gmail.com,2023-04-04 22:31:39
1000,Tina Parker,amy14@example.com,2024-05-03 07:09:50
