user_id,name,email,signup_date,domain
1,David Oneill,jenniferedwards@gmail.com,2024-04-25,gmail.com
2,Shelly Martinez,suzanne38@gmail.com,2023-10-26,gmail.com
3,Luis Brown,kgarcia@hotmail.com,2023-09-04,hotmail.com
4,Megan Romero,tinakrause@gmail.com,2023-09-01,gmail.com
5,Eric Beltran,rcarter@hotmail.com,2023-10-23,hotmail.com
6,William Miller,brian13@gmail.com,2024-03-11,gmail.com
7,Randall Davis,stevengreen@hotmail.com,2023-09-28,hotmail.com
8,Michelle Casey,thomaskimberly@hotmail.com,2024-05-06,hotmail.com
9,William Buckley,thomasdavid@yahoo.com,2022-09-05,yahoo.com
10,Lawrence Brown,justinbuchanan@example.com,2023-01-09,example.com
11,Kyle Ross,alyssawarren@yahoo.com,2024-05-19,yahoo.com
12,Jose Fisher,medinaelizabeth@example.com,2023-02-06,example.com
13,Brenda Zhang,james37@hotmail.com,2023-07-31,hotmail.com
14,Amanda Ortiz,nicholsdonna@example.com,2023-07-29,example.com
15,Craig Stout,matthewmcbride@yahoo.com,2022-11-16,yahoo.com
16,Carmen Gordon,zjohnson@yahoo.com,2024-04-05,yahoo.com
17,Leslie Yates,ahaynes@hotmail.com,2024-03-07,hotmail.com
18,Megan Sanders,whouston@yahoo.com,2022-09-09,yahoo.com
19,Mary Adkins,donna30@yahoo.com,2022-09-12,yahoo.com
20,Danielle Erickson,nicholasjones@yahoo.com,2024-04-20,yahoo.com
21,Alexander Terry,justinphillips@yahoo.com,2023-02-10,yahoo.com
22,Rickey Velasquez,goodwinmorgan@hotmail.com,2024-06-08,hotmail.com
24,Linda Romero,gstanley@gmail.com,2024-04-12,gmail.com
25,Bethany Hurst,clarkederek@yahoo.com,2023-01-19,yahoo.com
26,Courtney Green,imarquez@gmail.com,2024-08-01,gmail.com
27,Nicole Rodriguez,uyork@gmail.com,2023-08-23,gmail.com
28,Kevin Reed,donaldcurry@example.com,2023-10-31,example.com
29,Austin King,rsmith@hotmail.com,2023-04-04,hotmail.com
30,Brittney Jackson,fsingh@hotmail.com,2024-01-31,hotmail.com
31,Nathan Bell,nguyenjeanette@hotmail.com,2022-11-10,hotmail.com
32,Jill Ortega,brendanelson@example.com,2023-12-26,example.com
33,Dana Wright,charlottemaynard@example.com,2023-04-21,example.com
34,Andrew Thomas,debra96@gmail.com,2024-06-16,gmail.com
35,Sydney Moore,sarah23@hotmail.com,2023-11-16,hotmail.com
36,Amber Livingston,ronaldmeyer@example.com,2022-11-10,example.com
37,Joann Woodward,treeves@example.com,2023-09-22,example.com
38,Juan Smith,bellbrandon@gmail.com,2024-06-30,gmail.com
39,Charles Hernandez,stoutdavid@yahoo.com,2024-03-24,yahoo.com
40,Allison Watson,conniefischer@yahoo.com,2023-06-18,yahoo.com
41,Michael Flores,joseph24@gmail.com,2023-08-05,gmail.com
42,Andrew Henson,tammy98@example.com,2024-07-03,example.com
43,Katherine Carlson,ncollins@yahoo.com,2023-12-22,yahoo.com
45,Peter Barnes,ztorres@hotmail.com,2024-03-08,hotmail.com
46,Joel Montoya,denisetaylor@gmail.com,2024-08-07,gmail.com
47,Derek Griffin,brookebrennan@example.com,2022-11-05,example.com
48,Teresa Chavez,elizabethdavis@example.com,2024-07-24,example.com
49,Darlene Gay,apayne@yahoo.com,2023-07-22,yahoo.com
50,Charles Bonilla,wendycalderon@example.com,2023-08-03,example.com
51,Allison Cooper,ecole@example.com,2024-07-16,example.com
52,Patricia Brown,lindajones@gmail.com,2023-03-01,gmail.com
53,Brian Patel,emilycollins@example.com,2024-07-25,example.com
55,Tyler Elliott,walkerjames@hotmail.com,2023-08-15,hotmail.com
56,Michele Brown,james88@gmail.com,2024-05-08,gmail.com
57,Brendan Schmidt,jasongallagher@yahoo.com,2024-04-13,yahoo.com
58,Emily Williams,anthony33@gmail.com,2022-12-25,gmail.com
59,Dr. Karen Simmons MD,lisa01@example.com,2023-09-14,example.com
60,Wyatt Anderson,uharper@example.com,2023-10-22,example.com
61,Brandon Williams,crawfordjoshua@gmail.com,2024-03-24,gmail.com
62,Jennifer Hall,dturner@hotmail.com,2023-08-21,hotmail.com
63,Brandy Garcia,obennett@example.com,2023-02-20,example.com
64,Barbara Wilson,chris20@gmail.com,2022-09-09,gmail.com
65,Michelle Davis,thomasjimenez@example.com,2024-08-12,example.com
66,Karen Berry,ijones@gmail.com,2023-12-02,gmail.com
67,Colin Porter,joseph73@hotmail.com,2023-12-23,hotmail.com
68,Vicki Schroeder,yoderamanda@hotmail.com,2023-03-31,hotmail.com
69,Jaime Burke,cody62@example.com,2023-03-05,example.com
70,Jose Decker,richard98@hotmail.com,2022-09-19,hotmail.com
71,Angela Blankenship,paula95@yahoo.com,2022-12-12,yahoo.com
72,Jordan Hawkins,williamsjudy@hotmail.com,2023-04-22,hotmail.com
73,Brandon Torres,lewisbryan@hotmail.com,2023-11-17,hotmail.com
75,Charles Guzman,petermahoney@hotmail.com,2023-01-20,hotmail.com
76,Emily Chen,christinewells@example.com,2023-12-21,example.com
77,Laura Thornton,randydickson@yahoo.com,2023-03-03,yahoo.com
78,Elaine Cowan,snyderronald@gmail.com,2023-03-14,gmail.com
79,William Miller,jonesgabriel@yahoo.com,2023-09-27,yahoo.com
80,Darlene Wagner,brianna55@hotmail.com,2023-05-17,hotmail.com
81,Kevin Cameron,vfranklin@gmail.com,2023-07-19,gmail.com
82,Jillian Griffin DDS,danny78@gmail.com,2023-12-10,gmail.com
83,Craig Ramos,tarnold@hotmail.com,2024-05-06,hotmail.com
85,Michael Gross,jennifer21@hotmail.com,2024-02-19,hotmail.com
86,Rebecca Chung,longdebra@hotmail.com,2023-12-22,hotmail.com
87,Meghan Daniels,stantonmorgan@gmail.com,2022-08-25,gmail.com
89,Barbara Jones,mary90@yahoo.com,2022-08-27,yahoo.com
90,Misty Stewart,baileyvaughn@hotmail.com,2023-09-22,hotmail.com
91,Vanessa Johnson,molinacrystal@gmail.com,2024-03-12,gmail.com
93,Cynthia Ali,amandafoster@hotmail.com,2022-12-05,hotmail.com
94,Samantha Vargas,davidwebb@yahoo.com,2023-04-09,yahoo.com
95,Thomas Brown,emma20@example.com,2024-03-11,example.com
96,David Vargas,ediaz@example.com,2024-07-11,example.com
97,Tyler Randall,clairecarr@gmail.com,2023-09-22,gmail.com
98,Lawrence Andrade,katherinedixon@example.com,2022-12-08,example.com
99,Adam Lopez,brownadam@example.com,2023-03-13,example.com
101,Jeffery Moyer,abanks@yahoo.com,2023-09-10,yahoo.com
102,Amber Duncan,shorttheresa@example.com,2023-12-21,example.com
103,Amanda May,davidhernandez@gmail.com,2023-08-05,gmail.com
104,David Foster,millerjordan@hotmail.com,2023-01-24,hotmail.com
105,Patrick Hinton,richard73@example.com,2022-10-21,example.com
106,Caroline Ramirez,vphillips@yahoo.com,2023-10-29,yahoo.com
107,Sierra Smith,ashlee12@example.com,2022-09-21,example.com
108,Alexander Hernandez,snyderolivia@example.com,2024-05-26,example.com
110,Brian Scott,michaelcervantes@yahoo.com,2022-11-01,yahoo.com
112,Mrs. Shannon Smith MD,ojenkins@yahoo.com,2024-07-28,yahoo.com
113,John Brooks,amychen@gmail.com,2023-09-07,gmail.com
115,Daniel Patel,townsendronald@yahoo.com,2024-05-28,yahoo.com
116,Austin Price,jennifer18@gmail.com,2022-12-25,gmail.com
117,Christopher Bell,ipatterson@example.com,2023-08-12,example.com
118,Randy Le,brandonvillarreal@gmail.com,2023-02-25,gmail.com
119,Hannah Martin,daniel19@yahoo.com,2024-02-21,yahoo.com
120,Christopher Ford,karen91@gmail.com,2024-08-07,gmail.com
121,Cynthia Liu,greenejudy@hotmail.com,2023-03-01,hotmail.com
122,Robert Perry,frederickmartha@yahoo.com,2024-06-29,yahoo.com
123,Bryan Leach,jacobreed@hotmail.com,2024-03-28,hotmail.com
124,Anne Barry,whart@yahoo.com,2022-09-15,yahoo.com
125,Lindsay Steele,davidshaw@example.com,2023-01-25,example.com
126,Elizabeth Lewis,marissa99@hotmail.com,2023-06-19,hotmail.com
127,Vanessa Clay,randyherrera@example.com,2022-10-11,example.com
128,Michelle Davis,ryanberry@gmail.com,2023-02-14,gmail.com
129,Philip Brown,samuel87@yahoo.com,2023-11-04,yahoo.com
131,Michael Stout,patrickweaver@hotmail.com,2022-09-12,hotmail.com
132,Matthew Smith,heidi86@example.com,2024-05-13,example.com
133,Katie Huang,elizabeth55@hotmail.com,2024-01-04,hotmail.com
134,Dr. Robert Cruz,anthony97@gmail.com,2023-10-17,gmail.com
135,Karen Hernandez,thompsondavid@gmail.com,2024-08-19,gmail.com
136,Amanda Hopkins,elizabethwalker@gmail.com,2023-07-18,gmail.com
137,Edwin Moreno,tiffany19@hotmail.com,2023-07-26,hotmail.com
138,Jennifer Frost,kevin22@example.com,2022-12-09,example.com
139,Ann Collier,brownmary@yahoo.com,2024-07-02,yahoo.com
140,William Mcguire,cameron25@gmail.com,2022-09-26,gmail.com
141,Jason Simmons,wardsamantha@example.com,2024-01-26,example.com
142,Mckenzie Anthony,eric44@yahoo.com,2023-08-15,yahoo.com
144,Juan Morgan,troyking@gmail.com,2022-10-30,gmail.com
145,Tyler Smith,alexis10@gmail.com,2022-10-27,gmail.com
146,Charles Hawkins,michaelperez@hotmail.com,2024-01-24,hotmail.com
147,Allison Harrison,ericbernard@example.com,2023-10-19,example.com
148,Rebecca Cook,carmenbaker@yahoo.com,2023-06-15,yahoo.com
149,Thomas Santana,eugene26@example.com,2023-09-07,example.com
151,Austin Kelly,joan47@yahoo.com,2024-08-12,yahoo.com
152,Laura Owens,matthewsanchez@example.com,2022-12-09,example.com
155,Michael Evans,jessica91@example.com,2024-04-15,example.com
156,Douglas Sullivan,smithariana@example.com,2022-12-01,example.com
157,Nicholas Aguirre,carsonrenee@example.com,2023-05-05,example.com
158,Christopher Newman,heather85@hotmail.com,2023-11-19,hotmail.com
159,Mallory Dunn,denniscamacho@gmail.com,2024-07-14,gmail.com
160,Monique Fuller,bramos@yahoo.com,2023-10-06,yahoo.com
161,John Daniels,judyroy@hotmail.com,2023-09-12,hotmail.com
162,Jason Brown,deannapatel@gmail.com,2023-10-27,gmail.com
163,Mitchell Simon,shannonalexander@yahoo.com,2023-10-16,yahoo.com
164,Thomas Scott,oscar03@hotmail.com,2023-12-24,hotmail.com
166,Kelly Liu,angelaharris@gmail.com,2023-12-13,gmail.com
167,Heidi Mahoney,greenestacy@hotmail.com,2024-01-26,hotmail.com
168,Brandon Lopez,christopher10@example.com,2023-05-17,example.com
169,Shirley Scott,robertjohnson@example.com,2024-08-18,example.com
170,Bradley Vincent,jacksonjohnny@example.com,2023-04-02,example.com
171,Angel Mcdaniel,jonesjoanne@hotmail.com,2023-08-12,hotmail.com
172,Jean Baker,kimberlyhuber@yahoo.com,2023-06-27,yahoo.com
173,Melinda Fernandez DVM,yvettegregory@gmail.com,2023-07-19,gmail.com
174,Nicole Watson,coxbrian@hotmail.com,2023-01-07,hotmail.com
175,Donald Johnson,francisco82@example.com,2023-03-25,example.com
176,Marcus Williams,spencemary@gmail.com,2022-10-27,gmail.com
177,Veronica Salazar,cgarza@hotmail.com,2024-08-11,hotmail.com
178,Teresa Pugh,adam22@hotmail.com,2023-10-18,hotmail.com
179,Brian Martinez,vanderson@yahoo.com,2023-06-02,yahoo.com
180,Lorraine Walker,sergiocarter@example.com,2024-07-23,example.com
181,Emily Martinez,tlowe@yahoo.com,2023-09-18,yahoo.com
182,John Smith,iknox@gmail.com,2024-01-24,gmail.com
183,Amanda Shaw,christine47@example.com,2024-02-28,example.com
184,Renee Johnson,hwilliams@example.com,2023-12-21,example.com
185,Kevin Jefferson,urodriguez@hotmail.com,2023-04-19,hotmail.com
186,Robin Willis,mbenitez@example.com,2022-11-13,example.com
187,Kevin Lee,paulawarren@gmail.com,2023-09-15,gmail.com
188,Kenneth Neal,alexandra79@example.com,2023-01-30,example.com
189,Martin Lee,ryanrodriguez@yahoo.com,2024-03-14,yahoo.com
190,Emily Ferguson,cynthiabright@yahoo.com,2022-08-23,yahoo.com
191,Emily Ellis,dennisweaver@yahoo.com,2023-06-18,yahoo.com
192,Cynthia Larsen,lee72@example.com,2022-09-16,example.com
193,Lindsey Barrett,edwardmcmillan@gmail.com,2024-06-23,gmail.com
194,William Frank,jamie07@example.com,2022-12-03,example.com
195,Shelly Dunn,johnadams@yahoo.com,2023-06-14,yahoo.com
196,Dennis Abbott,ericksonjennifer@example.com,2023-07-17,example.com
197,Edward Wolfe,gfox@hotmail.com,2023-05-15,hotmail.com
198,Daniel Mckay,jonathan00@gmail.com,2022-11-09,gmail.com
199,Adam Gibson Jr.,tiffany86@gmail.com,2022-10-25,gmail.com
200,Barbara Martin,hmiller@gmail.com,2023-02-08,gmail.com
203,Joseph Crawford,danielleshannon@hotmail.com,2022-10-06,hotmail.com
204,Zachary Newton,emilycowan@yahoo.com,2023-02-26,yahoo.com
205,Kathleen Gray,michelle68@gmail.com,2024-02-15,gmail.com
206,Courtney Francis,stevenbarnes@hotmail.com,2023-07-01,hotmail.com
207,Shawn Green,slee@gmail.com,2022-12-04,gmail.com
208,Randy Crane,fernandomartin@gmail.com,2022-11-23,gmail.com
209,Susan Lopez,martinezjohn@example.com,2022-08-25,example.com
210,Ashley Reynolds,ehale@hotmail.com,2024-03-09,hotmail.com
211,Richard Washington,iwatson@example.com,2024-06-23,example.com
213,Mike Wilson,stephaniebishop@hotmail.com,2022-10-08,hotmail.com
214,Jennifer Barrera,lberry@hotmail.com,2024-05-18,hotmail.com
215,Ashley Doyle,bperez@hotmail.com,2023-08-25,hotmail.com
216,Amy Garcia,stacey89@hotmail.com,2023-08-07,hotmail.com
217,Lisa Williamson,gescobar@yahoo.com,2023-09-12,yahoo.com
218,Casey Morris,icastillo@yahoo.com,2023-10-24,yahoo.com
220,Jason Shepard,dillonsullivan@yahoo.com,2023-12-27,yahoo.com
221,John Shepherd,warrenjared@gmail.com,2024-08-19,gmail.com
222,Matthew York,cochranelizabeth@example.com,2022-11-08,example.com
223,John Davis,barnesyvonne@gmail.com,2023-09-15,gmail.com
224,Mark Riggs,dianacox@yahoo.com,2024-02-01,yahoo.com
225,Robin Lewis,ubarr@hotmail.com,2024-01-23,hotmail.com
227,Jennifer Bradshaw,obrienrachel@yahoo.com,2023-05-18,yahoo.com
228,Zachary Thompson,joshuarobinson@hotmail.com,2023-09-04,hotmail.com
229,Nicole Perry,joseph10@hotmail.com,2023-01-22,hotmail.com
231,Gregory Carlson,julie78@hotmail.com,2023-02-20,hotmail.com
232,Melissa Potter,paul12@yahoo.com,2023-11-18,yahoo.com
233,Rodney Russo,warnerwillie@gmail.com,2022-12-09,gmail.com
234,William Olsen,garciajennifer@hotmail.com,2024-03-03,hotmail.com
235,Aaron Alexander,tonymcpherson@gmail.com,2022-10-20,gmail.com
236,David Newton,joseph77@yahoo.com,2023-05-29,yahoo.com
237,Kristen Ortega,jacob29@hotmail.com,2023-05-16,hotmail.com
238,Brittany Burnett,allenryan@example.com,2023-06-29,example.com
239,Michael Soto,usimmons@yahoo.com,2023-04-02,yahoo.com
240,Alfred Jones,fmclaughlin@example.com,2024-04-16,example.com
241,Benjamin Zamora,martintravis@yahoo.com,2022-10-07,yahoo.com
242,Glenn Kirby,eugenemoore@example.com,2023-06-09,example.com
243,Alex Reynolds,sharonhickman@example.com,2023-05-29,example.com
244,Mary Gonzalez,elizabethgarcia@gmail.com,2023-08-05,gmail.com
245,Ashley Roth,carlos38@gmail.com,2022-12-28,gmail.com
246,Angel Young,torresjustin@gmail.com,2024-02-08,gmail.com
248,Amanda Williams,fhill@example.com,2023-12-28,example.com
249,Vicki Guerrero,nking@hotmail.com,2023-09-25,hotmail.com
250,Crystal Hill,taylorduffy@gmail.com,2023-11-07,gmail.com
251,Juan Lewis,cory68@hotmail.com,2022-09-15,hotmail.com
252,Krista Henry,lindarussell@yahoo.com,2023-12-22,yahoo.com
253,Keith Herman,jonathanbartlett@example.com,2022-11-23,example.com
255,William Garcia,theodoreclark@example.com,2022-09-11,example.com
256,Bruce Abbott,robinsonbeth@hotmail.com,2023-03-03,hotmail.com
258,Holly Smith,perrybeverly@yahoo.com,2024-02-23,yahoo.com
259,Donna Scott,dylan18@hotmail.com,2024-01-08,hotmail.com
260,Angela Weber,fnelson@example.com,2024-07-30,example.com
261,Robert Smith,travis19@yahoo.com,2022-10-19,yahoo.com
263,Bryce Pittman,matthewjohnson@example.com,2022-09-05,example.com
264,Sherri Chavez,williamphillips@gmail.com,2023-06-05,gmail.com
265,Natalie Becker,curtis92@example.com,2024-07-04,example.com
266,Christopher Salazar,alexadams@yahoo.com,2022-10-03,yahoo.com
268,Amy Ballard,cchambers@hotmail.com,2022-11-15,hotmail.com
269,James Garcia,kboone@hotmail.com,2023-11-14,hotmail.com
270,Lynn Moody,amurray@gmail.com,2023-09-09,gmail.com
271,Dean Carroll,youngjennifer@gmail.com,2024-02-28,gmail.com
272,Brittany Arellano,randyschultz@example.com,2024-04-05,example.com
273,Joshua Greene,amy94@gmail.com,2022-11-15,gmail.com
275,Lee Brady,brandythomas@example.com,2023-03-19,example.com
276,Larry Garza,nford@yahoo.com,2023-01-26,yahoo.com
277,Micheal Adams,mary84@gmail.com,2023-06-05,gmail.com
278,James Reyes,brenda80@gmail.com,2023-08-20,gmail.com
279,Peter Werner,nclark@example.com,2023-04-08,example.com
280,Martha Martinez,donaldjones@example.com,2024-04-17,example.com
282,Sharon Gonzales,chad58@gmail.com,2024-07-25,gmail.com
283,Shannon Dawson,iparker@example.com,2022-10-04,example.com
284,Patricia Doyle,james64@example.com,2024-05-21,example.com
286,Christopher Henderson,brittanyhall@hotmail.com,2022-11-25,hotmail.com
287,Philip Lopez,michaelrussell@hotmail.com,2023-10-23,hotmail.com
288,John Glover,julieyoung@example.com,2023-03-10,example.com
289,Ashley Morrow,mward@example.com,2024-04-30,example.com
290,Linda Morales,lindawong@gmail.com,2024-03-13,gmail.com
291,Shane Logan,jphillips@yahoo.com,2024-03-05,yahoo.com
292,Ann Ross,donna15@gmail.com,2023-01-24,gmail.com
293,Kimberly Hicks,garymiller@example.com,2023-01-29,example.com
294,Reginald Scott,ybriggs@hotmail.com,2023-01-28,hotmail.com
295,Sheila Ayers,jonathonnorman@gmail.com,2023-04-13,gmail.com
296,Robert Robertson,danielle58@hotmail.com,2022-10-29,hotmail.com
297,Jessica Contreras,theresabonilla@hotmail.com,2023-12-12,hotmail.com
298,Ann Hernandez,myersheather@gmail.com,2023-09-14,gmail.com
299,Eric Carpenter,stephen09@example.com,2023-01-11,example.com
300,Veronica Griffin,khanjessica@example.com,2023-11-16,example.com
301,Janice Anderson,gary11@hotmail.com,2023-06-27,hotmail.com
302,Dustin Harris,twhite@hotmail.com,2023-08-24,hotmail.com
303,Crystal Sanchez,maria91@gmail.com,2023-06-27,gmail.com
304,Lisa Allen,victoriatodd@yahoo.com,2024-07-11,yahoo.com
305,Teresa Ballard,clintonaguilar@gmail.com,2023-02-03,gmail.com
307,Justin Morris,michaelmeyer@example.com,2024-03-14,example.com
308,Sarah Wilkinson,zhangchristina@hotmail.com,2024-01-21,hotmail.com
309,Paul Edwards,hayeslindsay@hotmail.com,2023-05-03,hotmail.com
311,Suzanne Garcia,wooderin@gmail.com,2023-03-26,gmail.com
312,Monica Martin,cmalone@hotmail.com,2022-09-28,hotmail.com
313,Samuel Garcia,jenniferflores@gmail.com,2023-05-07,gmail.com
314,Nicholas Anderson,qschaefer@gmail.com,2023-08-01,gmail.com
315,Joanna Jones,vreed@hotmail.com,2024-01-03,hotmail.com
318,Tracey Schroeder,corey70@example.com,2024-06-25,example.com
319,Wanda Jenkins,bradleykarl@gmail.com,2024-01-27,gmail.com
320,Lisa Johnson,krobertson@example.com,2022-11-07,example.com
321,Antonio Phillips,jennifer91@yahoo.com,2023-12-03,yahoo.com
322,Anthony Barrett,tonyleonard@hotmail.com,2022-10-02,hotmail.com
323,Mr. Nicholas Johnson,rgates@example.com,2022-10-30,example.com
324,Mark Allen,wfisher@yahoo.com,2023-07-26,yahoo.com
325,Suzanne Nicholson,hernandezkaren@hotmail.com,2023-12-15,hotmail.com
326,Darrell Strong,istevens@yahoo.com,2022-12-04,yahoo.com
327,Joseph Peterson,waltonjuan@hotmail.com,2023-05-30,hotmail.com
328,Ryan Davis,allisonwise@gmail.com,2024-03-19,gmail.com
329,Shelley Humphrey,lindseymiller@example.com,2023-09-22,example.com
330,Amanda Maxwell,wilcoxryan@hotmail.com,2023-05-25,hotmail.com
331,Nicole Jimenez,lynnhall@example.com,2023-06-09,example.com
332,Janice Cook,jenniferparker@gmail.com,2022-09-11,gmail.com
333,Anthony Miller,michaelperez@yahoo.com,2024-05-18,yahoo.com
334,Phillip Wood,hherrera@example.com,2024-04-22,example.com
335,Justin James,millermarc@yahoo.com,2022-11-25,yahoo.com
336,James Taylor,kristy74@gmail.com,2023-08-13,gmail.com
337,Luke Marks,michellecalhoun@yahoo.com,2024-07-20,yahoo.com
338,Elizabeth Spencer,weissmichael@yahoo.com,2023-02-07,yahoo.com
339,Mackenzie Doyle,morrisjacob@hotmail.com,2023-11-09,hotmail.com
340,Zachary Thomas,michael74@gmail.com,2023-04-18,gmail.com
342,Susan Jordan,rhondakemp@example.com,2022-11-27,example.com
343,Bradley Fischer,whitechristopher@gmail.com,2024-04-23,gmail.com
344,Christopher Cook,tara82@yahoo.com,2023-12-24,yahoo.com
345,Kayla Craig,karenrubio@yahoo.com,2023-01-15,yahoo.com
346,Tracy Williams,woodskimberly@gmail.com,2023-01-02,gmail.com
347,Tammy Park,morankayla@gmail.com,2022-11-29,gmail.com
348,Devin Rasmussen,jcarter@yahoo.com,2024-03-22,yahoo.com
349,Thomas Simmons,julieharris@yahoo.com,2022-12-14,yahoo.com
350,Courtney Freeman,kfarmer@example.com,2024-07-14,example.com
351,Jeff Walters,michellerowe@gmail.com,2023-09-28,gmail.com
352,Patrick Price,patelmichael@gmail.com,2024-08-06,gmail.com
353,William Mcintyre,gmiddleton@example.com,2024-01-03,example.com
354,Carolyn Garcia,patrickvega@yahoo.com,2023-10-22,yahoo.com
355,Katherine Thomas,joseph74@hotmail.com,2022-10-05,hotmail.com
356,Amanda Brown,pittsshirley@yahoo.com,2023-10-22,yahoo.com
357,Brandon Owens,jeffreyreyes@gmail.com,2024-02-16,gmail.com
358,Dennis Cummings,gbooth@gmail.com,2023-12-12,gmail.com
360,Gregory Thomas,flemingamanda@yahoo.com,2023-09-10,yahoo.com
361,Ashley Frank,otaylor@example.com,2023-02-01,example.com
362,Michelle Silva,nstevenson@hotmail.com,2023-12-04,hotmail.com
363,Brianna Estrada,nathanmartinez@yahoo.com,2023-01-08,yahoo.com
365,Andrea May,charlesmoore@yahoo.com,2024-03-12,yahoo.com
367,Kayla Miller,fswanson@gmail.com,2023-12-16,gmail.com
368,John Sanders,hbowen@hotmail.com,2023-10-21,hotmail.com
369,Dr. Jonathan Rice,mccartycourtney@gmail.com,2024-05-07,gmail.com
370,Edward Cooper,cassandrarichardson@hotmail.com,2023-12-21,hotmail.com
371,James Potter,veronica18@example.com,2023-04-05,example.com
372,Kyle Campbell,ricardo88@hotmail.com,2024-04-22,hotmail.com
373,Mark Haynes,denisefleming@hotmail.com,2022-11-07,hotmail.com
374,Eric Blake,harrelladam@hotmail.com,2022-09-29,hotmail.com
375,Joshua Hall,tmullins@yahoo.com,2024-01-13,yahoo.com
376,Rita Brennan,matthewharrison@hotmail.com,2022-09-02,hotmail.com
377,Karen Price,bowmandaniel@example.com,2023-06-15,example.com
378,Thomas King,gmills@yahoo.com,2023-08-29,yahoo.com
379,Thomas Perez,charlotteodonnell@gmail.com,2024-04-07,gmail.com
380,Micheal Perez,heidi20@hotmail.com,2023-05-14,hotmail.com
381,Sydney Gallagher,joshuaroberts@hotmail.com,2023-12-04,hotmail.com
382,Omar Scott,jeremyhill@yahoo.com,2024-08-19,yahoo.com
383,Jacob Pham,gkrause@example.com,2023-12-12,example.com
384,Jacob Miller,derek89@gmail.com,2023-02-15,gmail.com
385,Laura Stevens,ereid@yahoo.com,2023-05-13,yahoo.com
386,Stephanie Dunn,deanna35@yahoo.com,2023-03-17,yahoo.com
387,Kaylee Santos,bwinters@gmail.com,2023-07-26,gmail.com
388,Christopher Baker,eduardokim@yahoo.com,2022-10-08,yahoo.com
389,Catherine Frazier,vanessajones@example.com,2022-10-15,example.com
390,Crystal Chang MD,holly94@example.com,2024-01-25,example.com
391,Kelly Walker,oliviageorge@yahoo.com,2022-12-17,yahoo.com
392,Madison Vaughn,benjamin15@gmail.com,2023-07-05,gmail.com
393,Sherry Wallace,anthony41@example.com,2022-08-30,example.com
394,Latoya Walker,stacycruz@hotmail.com,2024-06-08,hotmail.com
396,Brian Guzman,yhobbs@hotmail.com,2024-02-19,hotmail.com
397,Gregory Chang,byrddylan@hotmail.com,2024-07-11,hotmail.com
398,Joseph Lopez,sanchezjanet@hotmail.com,2022-09-29,hotmail.com
399,Carrie Strickland,hwilliams@hotmail.com,2023-05-24,hotmail.com
400,Timothy Mccarty,martinkenneth@hotmail.com,2022-11-21,hotmail.com
401,Brittany Moore,abranch@example.com,2023-03-18,example.com
402,Joshua Roberts,zstephens@example.com,2022-11-15,example.com
403,Antonio Riley,alexisyoung@example.com,2024-08-13,example.com
404,William Alvarez,mikewilson@hotmail.com,2022-12-01,hotmail.com
405,Melanie Owens,jamesfranco@hotmail.com,2022-12-03,hotmail.com
406,Scott Miller,wowens@yahoo.com,2023-03-15,yahoo.com
407,Amber Martin,wilsondonna@yahoo.com,2023-05-21,yahoo.com
408,Steven Joyce,fmitchell@hotmail.com,2024-02-24,hotmail.com
409,Jason Durham,james37@gmail.com,2023-06-26,gmail.com
410,Christina Ward,donald99@yahoo.com,2023-01-28,yahoo.com
411,William Summers,julie18@yahoo.com,2022-09-05,yahoo.com
412,Matthew Mcpherson,elizabeth89@example.com,2022-11-24,example.com
413,Kathryn Nelson,susan38@gmail.com,2022-12-31,gmail.com
414,Andrea Francis,rosalesjustin@yahoo.com,2024-07-07,yahoo.com
415,Michael Smith,bduncan@hotmail.com,2023-07-16,hotmail.com
416,Carolyn Evans,lbrooks@hotmail.com,2023-04-17,hotmail.com
417,Tara Neal,tina61@gmail.com,2023-03-11,gmail.com
419,Andrea Johnson,lindseyjames@yahoo.com,2024-06-01,yahoo.com
420,Thomas Russell,barneskevin@yahoo.com,2023-08-05,yahoo.com
421,Taylor Cooper,pmartin@example.com,2024-03-28,example.com
422,Daniel Richardson,hernandezmichael@example.com,2023-05-18,example.com
423,Heather Singleton,santiagojill@hotmail.com,2023-06-10,hotmail.com
424,Roger Shaw,johnjohnson@gmail.com,2023-10-08,gmail.com
425,Casey Harris,yolanda32@gmail.com,2023-11-16,gmail.com
426,Marie Thomas,adennis@example.com,2023-10-11,example.com
427,Luke Graham,nburns@gmail.com,2023-08-09,gmail.com
428,Diana Love,breannawells@yahoo.com,2022-12-19,yahoo.com
429,Tracy Rhodes,ryanlawrence@gmail.com,2023-08-09,gmail.com
430,David Smith,ysoto@example.com,2023-09-26,example.com
431,Samantha Holmes,barneslori@hotmail.com,2024-01-31,hotmail.com
432,Thomas Miller,allison12@yahoo.com,2023-01-28,yahoo.com
433,Laurie Walters,westtyler@gmail.com,2023-03-27,gmail.com
435,Brandon Davidson,katrina85@hotmail.com,2023-10-27,hotmail.com
436,David Cain,qphelps@hotmail.com,2024-03-21,hotmail.com
437,Brooke Ross,alisonbowen@gmail.com,2023-08-22,gmail.com
438,Stephanie Munoz,cookelizabeth@hotmail.com,2023-02-03,hotmail.com
439,Brittany Savage,obrientiffany@example.com,2022-11-21,example.com
440,Jennifer Brown,troyflores@example.com,2023-06-24,example.com
441,Terry Shelton,luisperry@example.com,2023-01-17,example.com
442,Monica Holland,abates@hotmail.com,2023-06-02,hotmail.com
443,Charles Lee,hmaxwell@yahoo.com,2022-12-30,yahoo.com
444,Judy Marks,wileystephanie@gmail.com,2024-01-03,gmail.com
445,George Webster,pricerichard@example.com,2024-08-01,example.com
446,Christopher Hanson,robertomorales@hotmail.com,2024-04-06,hotmail.com
447,Nicole Mccullough,douglasamy@gmail.com,2023-11-11,gmail.com
448,Teresa Herrera,vsimpson@example.com,2022-11-25,example.com
449,Mark Gray,jasminewilson@example.com,2023-08-01,example.com
450,Anthony Beck,jenniferrobinson@hotmail.com,2024-04-15,hotmail.com
452,Tiffany Woodard,coxlisa@example.com,2023-02-08,example.com
453,Nathan Rhodes MD,jonathangutierrez@gmail.com,2024-02-23,gmail.com
454,Diana Franklin,duranjacob@yahoo.com,2023-12-18,yahoo.com
455,Kyle Harris,hjoyce@yahoo.com,2023-12-08,yahoo.com
456,Gerald Henry,jason72@gmail.com,2024-06-05,gmail.com
457,Jillian Smith,smithjimmy@example.com,2022-09-13,example.com
458,Michelle Kelly,rickylopez@gmail.com,2022-09-15,gmail.com
459,Tanya Whitney,brandonhall@yahoo.com,2023-12-15,yahoo.com
460,Rebecca Moreno,jeffreydoyle@yahoo.com,2023-05-07,yahoo.com
461,Kevin Jones,david60@yahoo.com,2023-01-18,yahoo.com
462,Charles Wolf,steven16@example.com,2023-09-20,example.com
463,Kimberly Garcia,sarah55@hotmail.com,2022-08-22,hotmail.com
464,Rodney Kline,yuderrick@gmail.com,2024-02-18,gmail.com
465,Mark Nelson,griffincaroline@example.com,2024-01-26,example.com
466,Damon Guzman,lisa11@hotmail.com,2023-06-28,hotmail.com
467,Bryan Hughes,maria39@yahoo.com,2023-11-26,yahoo.com
468,Melissa King,garrett85@gmail.com,2024-03-18,gmail.com
469,Michael Turner,anelson@gmail.com,2022-12-27,gmail.com
470,Thomas Williams,nicholasellis@yahoo.com,2023-07-15,yahoo.com
471,William Smith,thorton@yahoo.com,2022-11-21,yahoo.com
472,Dean Boyd,timothytaylor@gmail.com,2022-11-12,gmail.com
473,Walter Warner,angela75@hotmail.com,2023-06-21,hotmail.com
474,Joseph Davis,pamela71@gmail.com,2024-03-06,gmail.com
475,Ryan Chavez,leewilliam@gmail.com,2024-02-26,gmail.com
476,Melissa Griffin,andrewgreen@gmail.com,2023-08-05,gmail.com
477,Ryan Harding,victorjacobs@example.com,2022-09-23,example.com
478,Heather Hensley,christinehaney@hotmail.com,2023-12-07,hotmail.com
479,John Meyer,lisabenitez@yahoo.com,2022-12-14,yahoo.com
484,Christina Barnes,ricky58@example.com,2023-09-04,example.com
485,Elaine Sullivan,zwilson@gmail.com,2023-03-01,gmail.com
486,Seth Perkins,kathryn08@yahoo.com,2024-02-22,yahoo.com
487,Terri Hall,randall59@example.com,2024-07-29,example.com
488,Carol Scott,oortiz@gmail.com,2024-06-03,gmail.com
489,Jessica Moore,mark94@yahoo.com,2023-09-10,yahoo.com
490,Jesus Green,marypace@yahoo.com,2023-10-09,yahoo.com
491,Kenneth Garcia,williamsjustin@hotmail.com,2024-06-06,hotmail.com
492,Gary Beard,jodykane@yahoo.com,2024-01-27,yahoo.com
493,Rachel Curtis,ryangonzalez@gmail.com,2023-01-29,gmail.com
494,Deborah Sanders,joshua76@yahoo.com,2024-07-01,yahoo.com
495,Alicia Stephens,pmason@hotmail.com,2023-05-06,hotmail.com
496,Lynn Reynolds,onixon@hotmail.com,2023-11-11,hotmail.com
497,Oscar Warner,samuelrobinson@gmail.com,2024-05-26,gmail.com
498,Bradley Vaughn,erin44@example.com,2022-11-01,example.com
499,Christopher Wolfe,josephjohnson@hotmail.com,2023-08-24,hotmail.com
500,Miranda Smith,ann62@example.com,2023-04-28,example.com
501,Miranda Pollard,emarshall@yahoo.com,2023-10-16,yahoo.com
502,Angela Logan,christineramirez@yahoo.com,2023-12-14,yahoo.com
503,Crystal Chambers,hatfieldgregory@gmail.com,2023-04-04,gmail.com
504,Jason Garcia,nicolemartin@yahoo.com,2024-01-23,yahoo.com
505,Caleb Fisher,kristinsmith@gmail.com,2022-08-25,gmail.com
506,Jennifer Mcfarland,campbellvictoria@hotmail.com,2023-02-19,hotmail.com
507,Grace Olson,timothyblake@yahoo.com,2022-11-24,yahoo.com
508,Shawn Diaz,courtneyruiz@gmail.com,2023-10-02,gmail.com
509,Renee Smith,belindaward@gmail.com,2024-05-08,gmail.com
510,Dr. Howard Reyes,hjohnson@yahoo.com,2023-01-09,yahoo.com
511,Christopher Jordan,osmith@yahoo.com,2022-09-18,yahoo.com
512,Anthony Allen,katiebennett@yahoo.com,2023-09-09,yahoo.com
513,Brian Watson Jr.,faulknerscott@hotmail.com,2023-06-09,hotmail.com
514,Jordan Gonzalez,elizabeth97@gmail.com,2024-04-19,gmail.com
516,Michelle Gilmore,yperez@example.com,2023-12-19,example.com
517,Julia Hebert,qhenry@hotmail.com,2024-01-24,hotmail.com
518,Danielle Ford,belldonald@yahoo.com,2023-09-12,yahoo.com
519,Angela Moore,richpatricia@example.com,2023-02-27,example.com
520,Rhonda Nash,marktorres@gmail.com,2023-07-30,gmail.com
521,Amanda Pugh,matthew38@example.com,2023-09-25,example.com
522,Kathy Wade,combswhitney@gmail.com,2022-12-09,gmail.com
523,Marissa Mack,ginahernandez@yahoo.com,2024-06-19,yahoo.com
524,Todd Jordan,lisaknight@hotmail.com,2024-03-17,hotmail.com
525,Michael Daugherty,stanleytamara@yahoo.com,2024-03-14,yahoo.com
526,Mark Allen,brownkristina@yahoo.com,2023-08-21,yahoo.com
527,Kaitlin Moore,matthew24@yahoo.com,2022-11-10,yahoo.com
528,Jeffrey Rogers,larrygraves@hotmail.com,2024-02-05,hotmail.com
529,Amanda Conley,sarah52@gmail.com,2023-06-08,gmail.com
530,Tristan Smith,mcdonaldjennifer@example.com,2024-08-02,example.com
531,Nicole Douglas,mendozasherri@yahoo.com,2023-10-27,yahoo.com
532,Donna Joseph,vkeller@example.com,2024-02-20,example.com
533,Matthew Palmer,yedwards@example.com,2024-02-24,example.com
534,Elizabeth Barton,dillonjeffrey@gmail.com,2022-10-20,gmail.com
535,Michelle Carr,pattersonamanda@hotmail.com,2022-12-02,hotmail.com
536,Tracy Avila,xferguson@yahoo.com,2022-12-26,yahoo.com
537,Glenn Rodriguez,charlesweaver@yahoo.com,2024-08-08,yahoo.com
538,Susan Gray,ivanmartin@gmail.com,2024-03-10,gmail.com
540,Cory Williams,fsmith@hotmail.com,2024-07-08,hotmail.com
541,Phillip Peters,davisalice@hotmail.com,2024-06-04,hotmail.com
542,James Raymond,scottcooper@yahoo.com,2022-12-04,yahoo.com
543,Brianna Kirk,cohenbenjamin@hotmail.com,2024-03-13,hotmail.com
545,Brittany Strickland,patrickkim@hotmail.com,2024-02-12,hotmail.com
546,Leslie Miller,jorgedoyle@gmail.com,2023-11-18,gmail.com
547,Zachary Wilson,rbraun@example.com,2024-01-07,example.com
548,Sara Allen,wlowe@hotmail.com,2024-03-12,hotmail.com
549,Michael Pena,john23@yahoo.com,2023-01-09,yahoo.com
550,Jeffrey Fleming,garciarenee@gmail.com,2024-01-02,gmail.com
551,Alexis Sharp,edward72@gmail.com,2023-12-28,gmail.com
552,Denise Preston,morgan21@yahoo.com,2024-05-13,yahoo.com
553,Nicholas Wilson,yvonnejohnson@yahoo.com,2024-06-07,yahoo.com
554,Shawna Nichols,walkerlauren@yahoo.com,2023-09-03,yahoo.com
555,Kristen Miller,howardhelen@example.com,2023-07-05,example.com
556,Jonathan Williams,williamprince@hotmail.com,2024-02-05,hotmail.com
557,Stephanie Smith,danieljones@hotmail.com,2024-04-25,hotmail.com
558,Christopher Torres,kgutierrez@example.com,2023-02-09,example.com
559,Taylor Carter,tstone@gmail.com,2024-05-29,gmail.com
560,Heather Alexander,lopezjuan@hotmail.com,2022-10-23,hotmail.com
561,Alec Stone,johnmarshall@yahoo.com,2023-08-10,yahoo.com
562,Sally Perry,james24@example.com,2022-11-25,example.com
563,Mr. Richard Castillo,wross@hotmail.com,2023-06-01,hotmail.com
564,Michelle Stewart,hayleyhampton@yahoo.com,2023-02-18,yahoo.com
565,Lori Odom,melissa69@example.com,2022-11-30,example.com
566,Maria Luna,shunter@gmail.com,2022-10-14,gmail.com
567,David Gould,michaelharvey@yahoo.com,2023-12-10,yahoo.com
568,Kevin Valdez,mgarcia@example.com,2023-03-10,example.com
569,Stephanie Stanley,jamie80@hotmail.com,2024-03-04,hotmail.com
570,Tanya Harris,martinezbradley@hotmail.com,2022-09-25,hotmail.com
571,Mary Hall,tinakelley@hotmail.com,2024-08-13,hotmail.com
573,Kristen Palmer,vwilson@yahoo.com,2023-04-24,yahoo.com
574,Rachel Williams,hernandezlauren@example.com,2024-04-18,example.com
575,Jonathon Andrews,zking@hotmail.com,2023-02-02,hotmail.com
576,Brittany Rodriguez,mitchelldustin@yahoo.com,2023-04-28,yahoo.com
577,Gregory Guerra,nolankenneth@gmail.com,2023-05-01,gmail.com
578,Linda Smith,johnsonmichael@example.com,2023-06-11,example.com
579,Andrew Barnes III,swolfe@gmail.com,2024-07-22,gmail.com
580,Angela Howard,nicholas08@hotmail.com,2023-02-06,hotmail.com
581,Timothy Berry,nathaniel47@hotmail.com,2023-06-25,hotmail.com
582,Timothy Jackson,knapptina@example.com,2023-03-07,example.com
583,Lisa Kelly,palmerapril@gmail.com,2024-06-12,gmail.com
584,Jennifer Smith,tina80@gmail.com,2023-08-29,gmail.com
585,Robyn Williams,anne80@gmail.com,2023-06-17,gmail.com
586,Whitney Johnson,stephenstracy@example.com,2022-09-05,example.com
587,Lori Gutierrez,hoopermatthew@example.com,2024-07-28,example.com
588,Brandon Castillo,tmartin@hotmail.com,2023-08-27,hotmail.com
589,Brittany Mitchell,tdiaz@hotmail.com,2024-07-10,hotmail.com
590,Sara Brown,brandirubio@yahoo.com,2024-08-17,yahoo.com
591,Travis Hernandez,tannerbradley@yahoo.com,2023-09-11,yahoo.com
592,Craig Fletcher,mtaylor@example.com,2024-05-04,example.com
593,Christina Barber,jennifersmith@gmail.com,2023-04-24,gmail.com
594,Arthur Bentley,srosales@hotmail.com,2024-08-12,hotmail.com
595,Gary Edwards,martinkevin@yahoo.com,2023-06-27,yahoo.com
596,Nathan Fowler,eric26@example.com,2022-12-20,example.com
597,Cynthia Griffin,anthonywest@example.com,2023-12-03,example.com
598,Maria Beck,ryan78@gmail.com,2022-11-21,gmail.com
599,Lisa Curtis,robin59@example.com,2023-06-28,example.com
601,Kristy Moore,cbaker@hotmail.com,2022-09-06,hotmail.com
602,Dr. Teresa Perez,sanchezjames@gmail.com,2022-10-20,gmail.com
603,Elizabeth Parker,angelaortiz@yahoo.com,2022-12-29,yahoo.com
605,Larry Foster,petersonduane@example.com,2023-03-06,example.com
606,Kyle Thompson,kylegarner@gmail.com,2023-10-23,gmail.com
607,Bryan Garcia,usmith@yahoo.com,2023-08-30,yahoo.com
608,Ariel Dennis,martinezdonna@example.com,2023-06-14,example.com
609,Jason Jimenez,roy63@example.com,2023-09-04,example.com
610,Julie Murillo,ashley90@gmail.com,2022-10-15,gmail.com
611,Anthony Smith,joseph15@yahoo.com,2023-10-01,yahoo.com
612,Mr. Jonathon Terrell,thompsonmartin@hotmail.com,2024-01-24,hotmail.com
613,Christopher Mills,cthomas@yahoo.com,2024-06-20,yahoo.com
615,Lori Brown,jthomas@gmail.com,2024-01-10,gmail.com
617,David Mills,oherring@example.com,2022-09-20,example.com
618,Mario Thomas,jonesdenise@example.com,2024-07-07,example.com
619,Lauren Martin,shane78@hotmail.com,2024-06-07,hotmail.com
621,Connor Foster,garciakevin@yahoo.com,2022-10-04,yahoo.com
623,Kathleen Fernandez,kaitlynhobbs@hotmail.com,2024-02-10,hotmail.com
624,Christopher Payne,alisonball@yahoo.com,2023-01-24,yahoo.com
625,John Rice,wschmidt@yahoo.com,2022-12-27,yahoo.com
626,Mary Travis,cheryl42@gmail.com,2024-05-23,gmail.com
627,Peter Manning,nicholas67@gmail.com,2022-10-06,gmail.com
628,Michelle Williams,duaneyoung@hotmail.com,2022-09-21,hotmail.com
630,Mallory Rogers,danielbauer@hotmail.com,2023-03-14,hotmail.com
631,Jeffrey Montoya,fwillis@example.com,2022-12-09,example.com
633,Chad Lucas,yateschristine@example.com,2023-12-20,example.com
634,Steve Carson,garyblack@yahoo.com,2023-12-22,yahoo.com
635,Christopher Scott,margaret98@yahoo.com,2023-12-06,yahoo.com
637,Bobby Dominguez,gonzalezkristin@hotmail.com,2023-05-04,hotmail.com
638,Jose Haas,dianestewart@example.com,2023-01-30,example.com
639,Bethany Miller,daniel45@hotmail.com,2023-10-18,hotmail.com
640,Stephen Williams,wagneraaron@yahoo.com,2022-12-18,yahoo.com
641,Gregory Hull,weissamber@example.com,2022-08-27,example.com
642,Hayley Moore,thomas55@hotmail.com,2023-05-26,hotmail.com
643,Wesley Chavez,pamelaburke@example.com,2023-09-08,example.com
644,Tyler Ferguson,ryan48@example.com,2023-12-04,example.com
645,Jeffrey Dougherty,mhernandez@yahoo.com,2023-12-09,yahoo.com
646,Shawn Ramos,zmorgan@gmail.com,2024-05-09,gmail.com
647,Anthony Pratt,omar72@example.com,2022-12-12,example.com
648,Jennifer Savage,pughkelly@hotmail.com,2024-03-09,hotmail.com
649,Robert Olson,olivia17@yahoo.com,2024-02-12,yahoo.com
650,Jill Phelps,sfoley@gmail.com,2024-03-27,gmail.com
651,Joyce Willis,jonathan99@hotmail.com,2024-05-07,hotmail.com
652,Gregory Gutierrez,kenneth09@gmail.com,2024-07-29,gmail.com
653,Molly Beasley,saraforbes@yahoo.com,2023-04-15,yahoo.com
654,Kathryn Davidson,joshua12@hotmail.com,2022-10-18,hotmail.com
655,Daniel Hall,fernandezandrew@hotmail.com,2022-09-21,hotmail.com
656,Howard Wyatt,corywilson@yahoo.com,2024-04-11,yahoo.com
657,Sean Diaz,petersenjames@hotmail.com,2024-07-29,hotmail.com
658,Terry Scott,frankkimberly@example.com,2024-05-24,example.com
660,Brandy Thomas,david85@gmail.com,2022-10-09,gmail.com
661,Alexander Martinez,lukesantiago@gmail.com,2024-01-15,gmail.com
662,Miguel Lopez,welchwendy@hotmail.com,2022-10-17,hotmail.com
663,Vanessa Robinson,joneswilliam@hotmail.com,2023-01-08,hotmail.com
664,Stephanie Chan,ymullen@example.com,2022-12-08,example.com
665,Kaitlin Alexander,amitchell@gmail.com,2023-03-18,gmail.com
666,Jordan Rodriguez,sheila44@example.com,2022-10-04,example.com
668,Chelsea Jones DDS,dyeradrian@yahoo.com,2023-01-29,yahoo.com
670,Michael Forbes,paul86@gmail.com,2022-10-09,gmail.com
671,Gina Dawson,sdillon@yahoo.com,2022-10-19,yahoo.com
672,Wayne House,fryekimberly@example.com,2022-12-03,example.com
673,Kimberly Ward,matthewkrueger@gmail.com,2022-09-16,gmail.com
674,Susan Whitehead,xshepherd@yahoo.com,2023-04-04,yahoo.com
675,Matthew Joseph,yharris@yahoo.com,2022-10-31,yahoo.com
676,Christopher Hall,ashley76@hotmail.com,2024-01-25,hotmail.com
677,Sarah Nichols,michelecrawford@example.com,2023-08-12,example.com
678,Spencer Gonzalez,stricklandjorge@gmail.com,2022-11-14,gmail.com
681,Keith Lyons,nmcneil@gmail.com,2023-04-22,gmail.com
682,Zachary Booth,calexander@hotmail.com,2023-01-11,hotmail.com
683,Kylie Stewart,julie43@example.com,2023-04-26,example.com
684,Mitchell Hughes,lewismarie@gmail.com,2024-04-10,gmail.com
685,Lauren Gutierrez,aguilarsteven@gmail.com,2023-10-07,gmail.com
686,Lindsay Wiley,hardinronald@gmail.com,2023-08-08,gmail.com
687,Lucas Ruiz,icannon@hotmail.com,2023-03-10,hotmail.com
688,Susan Gross,espinozasandra@hotmail.com,2022-09-27,hotmail.com
689,Debra Henry,bperry@example.com,2023-01-14,example.com
691,Jason Le,stevenbailey@example.com,2023-12-21,example.com
692,Stacy Garcia,saustin@example.com,2024-03-15,example.com
693,Mitchell Lee,pmoore@hotmail.com,2024-07-14,hotmail.com
694,Brandon Goodman,jacob83@hotmail.com,2023-03-18,hotmail.com
696,Deanna Cherry,gerald22@hotmail.com,2023-10-17,hotmail.com
697,Andrea Smith,edgar76@hotmail.com,2023-10-17,hotmail.com
698,Alexa Smith,christopher16@example.com,2024-06-29,example.com
699,Ashley Banks,pjarvis@yahoo.com,2023-12-28,yahoo.com
700,Anita Harris,qbrown@hotmail.com,2023-07-16,hotmail.com
701,Ann Gordon,michealphillips@hotmail.com,2023-06-10,hotmail.com
702,Jonathan Tapia,jasmin19@yahoo.com,2024-05-11,yahoo.com
703,William Allen,luke35@gmail.com,2023-04-23,gmail.com
704,Elizabeth Garcia,jmarshall@gmail.com,2024-06-20,gmail.com
705,David Hooper,jillianlambert@yahoo.com,2023-12-18,yahoo.com
707,Charles Dawson,tyler66@example.com,2023-02-19,example.com
708,Jacob Tapia,wadeamy@example.com,2023-01-30,example.com
710,Megan Griffin,howardpatricia@yahoo.com,2023-07-27,yahoo.com
711,John Salinas,nromero@yahoo.com,2023-04-06,yahoo.com
712,Anthony Reeves MD,petersondanny@example.com,2023-08-01,example.com
713,Thomas Fletcher,ijimenez@hotmail.com,2024-05-08,hotmail.com
714,Donald Harrison,burchjamie@hotmail.com,2024-08-03,hotmail.com
716,Michael Hardy,davidvargas@gmail.com,2024-07-06,gmail.com
717,Jeremy Grant,william09@example.com,2023-09-20,example.com
718,Katherine Cantu,justin68@hotmail.com,2023-12-18,hotmail.com
719,Isaac Figueroa,scottgarcia@yahoo.com,2023-05-17,yahoo.com
720,James Bryant,frederick43@yahoo.com,2024-03-02,yahoo.com
721,James Silva,karen08@gmail.com,2023-08-13,gmail.com
722,Scott Simon,robertreid@hotmail.com,2024-05-16,hotmail.com
723,William Brewer,kenneth69@example.com,2023-01-12,example.com
724,Rebecca Hicks,ericholt@example.com,2024-01-24,example.com
725,Valerie Underwood,knoxjoshua@hotmail.com,2023-06-03,hotmail.com
726,Edward Gross,kristin47@yahoo.com,2023-07-17,yahoo.com
727,Jeffrey Montoya,leslie93@hotmail.com,2023-09-18,hotmail.com
728,Douglas Mathews,smithvictoria@yahoo.com,2024-08-15,yahoo.com
729,Laura Gonzalez,lewisjim@hotmail.com,2023-08-13,hotmail.com
730,Mrs. Tabitha Crawford,bgarza@gmail.com,2023-06-01,gmail.com
731,Juan Moore,jonathanhernandez@example.com,2024-06-07,example.com
732,Lisa Huerta,cheryl49@yahoo.com,2023-02-03,yahoo.com
733,Margaret Shah,julie48@hotmail.com,2023-12-23,hotmail.com
734,Kaitlyn Cole,ortiztasha@yahoo.com,2024-08-20,yahoo.com
735,Leah Johnson,jamesspears@gmail.com,2024-07-06,gmail.com
736,Robert Herrera,cgreer@hotmail.com,2023-11-10,hotmail.com
737,Heather Anderson,tammymahoney@yahoo.com,2023-05-24,yahoo.com
738,Kristine Ward,david01@hotmail.com,2023-09-10,hotmail.com
739,Melissa Bonilla,jason96@example.com,2023-03-19,example.com
740,Vanessa Finley,fjohnson@hotmail.com,2023-11-26,hotmail.com
743,Dawn Bennett,joshuawarren@yahoo.com,2022-09-04,yahoo.com
744,Duane James,emily63@gmail.com,2024-08-16,gmail.com
745,Jeffrey Martinez,olsonjeffrey@gmail.com,2023-06-23,gmail.com
746,John Kelley,robert99@example.com,2022-12-25,example.com
747,Tammy Vasquez,april18@hotmail.com,2023-10-26,hotmail.com
748,Todd Phillips,xschultz@example.com,2024-03-22,example.com
749,Erica Adams,gburke@gmail.com,2023-08-21,gmail.com
750,Patricia Cox,yreyes@hotmail.com,2024-06-22,hotmail.com
751,Emily Burns,facevedo@yahoo.com,2022-12-31,yahoo.com
754,Katie Prince,craighuynh@example.com,2024-03-08,example.com
756,Patricia Faulkner DVM,ryanjohnson@gmail.com,2022-11-13,gmail.com
757,Lindsay Carpenter,frankstephanie@hotmail.com,2023-06-07,hotmail.com
758,Holly Jacobson,thomasgabriel@yahoo.com,2023-10-27,yahoo.com
759,Elizabeth Hutchinson,mwells@yahoo.com,2023-02-22,yahoo.com
760,Michael Cox,varcher@example.com,2023-06-20,example.com
761,Elizabeth Moore,bartoncasey@gmail.com,2022-09-09,gmail.com
762,Michele Mejia,armstrongsara@gmail.com,2023-06-13,gmail.com
763,Michelle Cooper,kimberly74@example.com,2024-06-29,example.com
764,Jennifer Howell,ujames@yahoo.com,2024-03-19,yahoo.com
765,Nicole Vargas,copelandjustin@yahoo.com,2024-04-01,yahoo.com
766,Sara Lee,michael36@gmail.com,2023-12-28,gmail.com
767,Patrick Hunt,erik89@gmail.com,2024-02-18,gmail.com
768,Anthony Campbell,karajones@example.com,2023-05-25,example.com
769,Ashley Barry,hamiltonpatrick@yahoo.com,2023-08-05,yahoo.com
770,Richard Sharp DVM,sabrina08@yahoo.com,2022-08-26,yahoo.com
772,Kristen Jenkins,vincentjackson@yahoo.com,2023-02-24,yahoo.com
773,Steven Smith,elizabeth37@example.com,2024-02-16,example.com
774,Jason Miller,yolandalindsey@example.com,2023-06-09,example.com
775,Jeffrey Gonzales,abaker@hotmail.com,2024-05-16,hotmail.com
776,Kayla Sullivan,duanejordan@gmail.com,2023-03-26,gmail.com
777,Nicholas Summers,rrobinson@hotmail.com,2023-11-10,hotmail.com
778,Gabriel Brooks,wbishop@gmail.com,2022-10-31,gmail.com
779,James Wood,jonesamy@gmail.com,2024-08-03,gmail.com
780,Nathan Snow,djames@yahoo.com,2024-04-07,yahoo.com
781,Matthew Campbell,samantha37@example.com,2023-08-21,example.com
782,Sarah James,rebeccadavis@hotmail.com,2022-09-17,hotmail.com
783,Tracy Jones,rodriguezmegan@yahoo.com,2024-04-13,yahoo.com
784,Dean Carter,davidmelissa@hotmail.com,2024-07-06,hotmail.com
785,Maurice Taylor,bwilliams@gmail.com,2023-11-16,gmail.com
786,Tina Brown,xmoreno@gmail.com,2024-01-18,gmail.com
787,Anita Joseph,teresa90@example.com,2023-08-06,example.com
788,Madison Cameron,fthompson@gmail.com,2023-08-26,gmail.com
789,Taylor Casey,iosborn@gmail.com,2023-05-24,gmail.com
790,Rebecca Turner,thomasmeredith@yahoo.com,2022-11-22,yahoo.com
791,Jordan Stone,markjacobson@yahoo.com,2023-02-15,yahoo.com
792,Mrs. Jillian Torres,annwoodard@gmail.com,2024-07-22,gmail.com
793,Melissa Holt,leebrittany@yahoo.com,2022-09-24,yahoo.com
794,Kaitlyn Cameron,jfreeman@example.com,2023-09-22,example.com
795,Victor Welch,brandtthomas@gmail.com,2023-08-15,gmail.com
796,Judy Jackson,collinspamela@gmail.com,2023-12-31,gmail.com
797,Brian Parks,rodriguezmonica@example.com,2023-07-30,example.com
798,Omar Baker,reyesrobert@hotmail.com,2023-08-13,hotmail.com
800,Amy Jackson,hgonzales@gmail.com,2023-07-15,gmail.com
801,Jonathan Clark,buckjuan@example.com,2023-12-09,example.com
802,Sheila Spence,michellewalker@gmail.com,2022-11-01,gmail.com
803,Joanna Burton,dlewis@hotmail.com,2023-01-25,hotmail.com
805,Benjamin Potter,bmassey@hotmail.com,2023-01-18,hotmail.com
806,Miranda Compton,alex55@yahoo.com,2024-01-08,yahoo.com
807,Daniel Jackson,mary43@hotmail.com,2024-04-30,hotmail.com
808,Michelle Huang,laurahernandez@gmail.com,2023-09-11,gmail.com
809,Danny Arroyo,williamsadam@yahoo.com,2023-06-20,yahoo.com
810,Lisa Martinez,werickson@yahoo.com,2023-04-20,yahoo.com
811,Jonathan Knox,phill@example.com,2024-01-22,example.com
812,Samantha Johnson,fmejia@yahoo.com,2022-12-13,yahoo.com
813,Crystal Wilkinson,susanevans@example.com,2023-09-24,example.com
814,Larry Sanchez,umoran@yahoo.com,2023-05-16,yahoo.com
815,Megan Johnson,jessica28@yahoo.com,2024-07-03,yahoo.com
816,Alexander Romero,xcontreras@gmail.com,2023-09-03,gmail.com
817,Amber Waters,michael32@gmail.com,2022-11-19,gmail.com
818,Steven Aguirre,helen63@yahoo.com,2023-11-23,yahoo.com
819,Chad Andrews,joseph13@hotmail.com,2024-01-07,hotmail.com
820,Ashley Gardner,brianna72@hotmail.com,2024-01-17,hotmail.com
822,Lisa Brooks,andrewstimothy@gmail.com,2024-06-21,gmail.com
823,Isaiah Ward,gmitchell@yahoo.com,2024-05-22,yahoo.com
824,Ryan Chapman,eric79@gmail.com,2023-07-08,gmail.com
825,Larry Jones,porterchristopher@hotmail.com,2024-07-21,hotmail.com
826,Stephen Walton,david89@example.com,2024-04-11,example.com
827,Michael Gibson,robertvaughn@hotmail.com,2022-12-28,hotmail.com
828,Jonathan Williams,mooremelissa@gmail.com,2022-10-11,gmail.com
830,Christy Fleming,david29@gmail.com,2024-05-04,gmail.com
831,Donna Henderson,stephanie71@example.com,2023-05-28,example.com
832,Kyle Hood,fwhitaker@gmail.com,2022-08-24,gmail.com
833,Victoria Rogers,johnwilliams@gmail.com,2024-05-22,gmail.com
834,Anthony Soto,harrisjanet@gmail.com,2024-04-16,gmail.com
835,Joseph Johnson,trose@hotmail.com,2023-06-11,hotmail.com
836,Alexander Lopez,murphyhenry@example.com,2023-08-21,example.com
837,Michelle Sanchez,nicole53@gmail.com,2024-01-20,gmail.com
838,Jasmine Clark,matthewanderson@gmail.com,2023-06-08,gmail.com
839,Wanda Matthews,robertsthomas@yahoo.com,2024-07-15,yahoo.com
840,Robyn Parker,tlee@example.com,2024-05-10,example.com
842,William Leonard,william32@gmail.com,2023-10-10,gmail.com
843,Christopher Foster,laura79@hotmail.com,2023-04-18,hotmail.com
844,Brittney French,higginsdarren@yahoo.com,2023-05-06,yahoo.com
846,Sydney Burke,danielle94@gmail.com,2023-05-19,gmail.com
847,Mrs. Michelle Jones,darrylwarren@gmail.com,2024-03-18,gmail.com
848,Joanne Diaz,perkinsshane@hotmail.com,2023-10-01,hotmail.com
849,Valerie Harrington,lrusso@hotmail.com,2022-12-20,hotmail.com
850,Lori Simmons,hannahsantos@hotmail.com,2022-11-02,hotmail.com
851,Miguel Russell,grantgreene@example.com,2023-01-26,example.com
852,Jessica Lutz,robert03@gmail.com,2023-08-17,gmail.com
853,Jacqueline Torres,raymond61@hotmail.com,2024-07-15,hotmail.com
855,Cathy Klein,matthewsmith@yahoo.com,2023-12-10,yahoo.com
856,Kendra Ritter,blevinsandrew@example.com,2023-06-19,example.com
857,Bonnie Jackson,jennifer39@hotmail.com,2024-03-02,hotmail.com
858,John Williamson,gilmorerodney@example.com,2022-09-12,example.com
859,Madeline Walker,katie80@yahoo.com,2024-04-29,yahoo.com
860,Ruben Price,hrose@hotmail.com,2024-02-02,hotmail.com
861,Devin Williams,meganlambert@example.com,2023-01-05,example.com
862,Susan Cooley,eortega@example.com,2024-03-31,example.com
863,Michelle Gibson,lisa64@yahoo.com,2023-03-15,yahoo.com
864,Emily Martin,thomas56@example.com,2023-11-16,example.com
865,Ellen Macdonald,susan60@hotmail.com,2023-11-20,hotmail.com
866,Jonathan Martinez,brittney20@example.com,2024-08-15,example.com
867,Autumn Cabrera,leechelsey@hotmail.com,2023-07-03,hotmail.com
868,Karla Green,anthonyhaynes@example.com,2024-04-13,example.com
869,Nicole Patel,cterrell@hotmail.com,2024-05-31,hotmail.com
870,Stacy Mccann,alyssavelez@gmail.com,2023-01-08,gmail.com
871,Jeremy Shah,dfrench@hotmail.com,2023-03-16,hotmail.com
872,Samuel Anderson,smckenzie@gmail.com,2022-12-10,gmail.com
873,Sarah Jarvis,paulduncan@hotmail.com,2023-05-31,hotmail.com
874,Michelle Jackson,moralesdiana@yahoo.com,2023-07-25,yahoo.com
875,Sarah Hawkins,gomezrobert@example.com,2022-09-17,example.com
876,William Yang,luis01@gmail.com,2023-08-02,gmail.com
877,Kyle Mccormick,rodney57@example.com,2024-01-07,example.com
878,Kristen Brown,allenaaron@gmail.com,2024-03-11,gmail.com
879,Brian Benton,careyjohn@hotmail.com,2024-01-21,hotmail.com
880,Brian Woodard,woodkerri@example.com,2023-04-09,example.com
881,Kerry Duncan,hcurtis@gmail.com,2023-09-07,gmail.com
882,Victoria Ballard,teresajimenez@gmail.com,2023-04-28,gmail.com
883,Jennifer Torres,alexis69@gmail.com,2023-02-28,gmail.com
884,Nicholas Burgess,erinconley@gmail.com,2022-10-04,gmail.com
885,George Peters,tracy27@yahoo.com,2024-05-08,yahoo.com
886,Joan Oconnor,zchandler@yahoo.com,2024-02-14,yahoo.com
888,Amber Gonzalez,vtodd@hotmail.com,2024-06-29,hotmail.com
889,Ronnie Wilson,ocisneros@gmail.com,2023-12-29,gmail.com
890,Carolyn Clayton,dukemartin@gmail.com,2022-09-26,gmail.com
891,Fred Miller,rogerskatie@gmail.com,2022-09-08,gmail.com
892,Mr. Mark Horton,xsutton@hotmail.com,2024-08-20,hotmail.com
893,William Gonzales,ryanstephanie@hotmail.com,2023-08-26,hotmail.com
894,Christy Ochoa,emilypalmer@gmail.com,2024-06-01,gmail.com
895,Dr. Michelle Wright,stevenpowell@example.com,2023-07-13,example.com
896,Dale Robinson,martinezeric@gmail.com,2022-10-21,gmail.com
897,Keith Bartlett DDS,fwelch@hotmail.com,2023-07-15,hotmail.com
899,Megan Reeves,andrea35@gmail.com,2024-01-23,gmail.com
900,Whitney Young,stephaniepatterson@gmail.com,2024-01-11,gmail.com
902,Stacey Buchanan,millerrobert@gmail.com,2024-08-04,gmail.com
903,Brandon Barrett,danielbell@yahoo.com,2023-07-08,yahoo.com
904,Katherine Smith,joseph95@hotmail.com,2023-10-27,hotmail.com
905,Samuel Anderson,vcantrell@hotmail.com,2024-05-18,hotmail.com
906,Misty Mccoy,anitajohnson@hotmail.com,2022-12-04,hotmail.com
907,Christine Taylor,cynthiamartinez@gmail.com,2023-01-21,gmail.com
909,Brittany Gutierrez,ggonzalez@yahoo.com,2024-06-03,yahoo.com
910,Lori Harmon,greyes@gmail.com,2024-05-03,gmail.com
911,John Guerrero,tayloredwards@gmail.com,2022-11-18,gmail.com
912,Elizabeth Montes,andrew66@hotmail.com,2024-06-17,hotmail.com
913,Teresa Thornton,troyhendricks@yahoo.com,2023-08-10,yahoo.com
914,Ryan Golden,batesdale@gmail.com,2023-03-02,gmail.com
915,Sarah Rodriguez,dharvey@gmail.com,2024-05-19,gmail.com
916,Kristi Hall,joshualyons@gmail.com,2024-02-14,gmail.com
917,Melissa Williams,wrivera@example.com,2023-07-30,example.com
918,Charles Harris,nicolebaker@gmail.com,2023-12-14,gmail.com
920,Rachel Griffin,jimmykane@yahoo.com,2023-10-18,yahoo.com
922,Carrie Page,paulajohnson@example.com,2022-11-23,example.com
923,Dawn Hull,oreed@yahoo.com,2023-08-20,yahoo.com
924,Regina Bowman,ksullivan@yahoo.com,2023-01-05,yahoo.com
925,Jennifer Francis,blankenshiprachel@yahoo.com,2023-12-08,yahoo.com
927,Randy Robles,perezemily@yahoo.com,2023-10-09,yahoo.com
928,Samantha Nguyen,vblair@hotmail.com,2023-03-11,hotmail.com
930,William Frazier,williamsmelissa@yahoo.com,2023-06-18,yahoo.com
931,James Wallace,daniel72@yahoo.com,2023-11-13,yahoo.com
932,Tammy Ortiz,bparker@gmail.com,2023-05-03,gmail.com
933,Joshua Flores,lisagarza@example.com,2024-03-20,example.com
934,Brandon Jennings,michaelgomez@yahoo.com,2024-04-18,yahoo.com
935,Kevin Hopkins,mark47@gmail.com,2023-12-18,gmail.com
936,Jill Hunter,andersoneric@example.com,2023-10-30,example.com
937,Monica Green,bishopbrooke@example.com,2023-03-27,example.com
938,Alejandro Vaughn,mscott@example.com,2024-04-07,example.com
939,Ryan Olson,catherinehernandez@gmail.com,2023-09-03,gmail.com
940,Diane Jones,pbishop@example.com,2024-01-02,example.com
941,Laura Cole,deborahreed@gmail.com,2022-11-02,gmail.com
942,Kimberly Hatfield,michaelphillips@hotmail.com,2022-12-18,hotmail.com
943,Brandy Mcmillan,eewing@yahoo.com,2022-11-10,yahoo.com
944,Eric Welch,tylerrios@gmail.com,2024-01-22,gmail.com
945,Randy Luna,markfoley@gmail.com,2023-05-21,gmail.com
946,Janet Cain,janetdalton@yahoo.com,2024-03-24,yahoo.com
947,Taylor Mata,herreracynthia@yahoo.com,2022-09-05,yahoo.com
948,Mary Barnes,qrubio@yahoo.com,2022-10-04,yahoo.com
949,Michael Ward,keith46@gmail.com,2023-09-10,gmail.com
950,David Berry,hullronnie@yahoo.com,2024-04-23,yahoo.com
951,Nicholas Anderson,jgibson@hotmail.com,2023-10-07,hotmail.com
952,James Shea,ericlopez@gmail.com,2024-05-09,gmail.com
956,Christopher Johnston,fletchertammy@example.com,2024-06-12,example.com
957,Brent Garcia,mmullen@hotmail.com,2024-08-11,hotmail.com
958,Javier Ortiz,wjones@yahoo.com,2023-12-20,yahoo.com
959,April Cannon,jonesjacob@yahoo.com,2022-09-27,yahoo.com
960,Michael Lopez,cwebb@yahoo.com,2022-12-01,yahoo.com
962,Lance Ward DDS,ehill@example.com,2023-06-26,example.com
963,Manuel Becker,alexandra65@example.com,2023-11-25,example.com
964,Russell Murillo,james36@gmail.com,2024-05-16,gmail.com
965,Patricia Jacobs,gregory30@hotmail.com,2024-08-03,hotmail.com
966,Sharon Miller,robinharrington@yahoo.com,2023-01-19,yahoo.com
968,Logan Richard,smithlori@hotmail.com,2023-04-25,hotmail.com
969,Steven Adams,joshua23@example.com,2022-12-14,example.com
971,Juan Stanley,vasquezrandy@yahoo.com,2024-06-05,yahoo.com
972,Dylan Miles,vcarrillo@hotmail.com,2024-01-15,hotmail.com
973,Todd Hall,stephaniemccullough@hotmail.com,2023-01-28,hotmail.com
974,Russell Everett,ewilliams@gmail.com,2023-09-06,gmail.com
975,Sandra Jones MD,ywarren@yahoo.com,2024-02-03,yahoo.com
976,Shelby Wyatt,lisa57@hotmail.com,2024-01-25,hotmail.com
977,Tony Byrd,rachelramirez@hotmail.com,2023-11-19,hotmail.com
978,Tracy Johnson,julie52@yahoo.com,2024-01-04,yahoo.com
979,Katie Montgomery,raymondwilliams@hotmail.com,2023-04-09,hotmail.com
981,James Shepherd,kathleen14@yahoo.com,2023-04-27,yahoo.com
982,Matthew Hall,lisa18@hotmail.com,2023-08-11,hotmail.com
983,Emily Mcbride,cheryl81@example.com,2023-07-14,example.com
984,Raymond Brown,melanievaughn@example.com,2022-11-19,example.com
985,Michael Mills,martintaylor@example.com,2023-10-07,example.com
986,Emily Edwards,jeremy84@yahoo.com,2024-05-26,yahoo.com
988,Betty Navarro,rramirez@yahoo.com,2024-02-22,yahoo.com
989,Andrea Murphy,padillaalicia@gmail.com,2023-02-07,gmail.com
990,Robert George,lriley@yahoo.com,2022-11-16,yahoo.com
991,Mary Gilmore,gabrielle00@hotmail.com,2024-02-06,hotmail.com
992,Philip Bryant,denisenelson@hotmail.com,2022-10-31,hotmail.com
993,Blake Berg,cardenasjonathan@hotmail.com,2024-06-25,hotmail.com
994,Michael White,nancy44@hotmail.com,2023-01-16,hotmail.com
995,Wendy Melendez,stephen24@hotmail.com,2023-04-15,hotmail.com
996,Ryan Conner,phodges@gmail.com,2022-11-19,gmail.com
997,Lori Taylor,shensley@hotmail.com,2023-03-01,hotmail.com
998,Valerie Hurley,fdeleon@gmail.com,2022-10-04,gmail.com
999,Jennifer Cabrera,lcarlson@gmail.com,2023-04-04,gmail.com
1000,Tina Parker,amy14@example.com,2024-05-03,example.com
